{
"type": "FeatureCollection",
"name": "manitoba-rivers",
"crs": { "type": "name", "properties": { "name": "urn:ogc:def:crs:OGC:1.3:CRS84" } },
"features": [
{ "type": "Feature", "properties": { "name": "Saskatchewan" }, "geometry": { "type": "MultiLineString", "coordinates": [ [ [ -100.322499, 53.592556 ], [ -100.317942, 53.580593 ], [ -100.27892, 53.54796 ], [ -100.110015, 53.473456 ], [ -100.035553, 53.379096 ], [ -100.023183, 53.317084 ], [ -99.995839, 53.240098 ], [ -99.931956, 53.199774 ], [ -99.856842, 53.185492 ], [ -99.786692, 53.191026 ], [ -99.676178, 53.243842 ], [ -99.613515, 53.250067 ], [ -99.54894, 53.244452 ], [ -99.499338, 53.220242 ], [ -99.46581, 53.184882 ], [ -99.330312, 53.159451 ] ], [ [ -99.247141, 53.189399 ], [ -99.216054, 53.212022 ], [ -99.035634, 53.248155 ], [ -98.977935, 53.269884 ], [ -98.545969, 53.341335 ], [ -98.279042, 53.395331 ], [ -98.138783, 53.408962 ], [ -98.001576, 53.459255 ], [ -97.913645, 53.518622 ] ] ] } },
{ "type": "Feature", "properties": { "name": "Saskatchewan" }, "geometry": { "type": "MultiLineString", "coordinates": [ [ [ -101.870880233804215, 53.883188264229993 ], [ -101.787953, 53.885281 ], [ -101.697336, 53.900824 ], [ -101.687082, 53.906114 ], [ -101.670155, 53.931098 ], [ -101.623158, 53.945502 ], [ -101.603505, 53.95779 ], [ -101.564117, 53.961371 ], [ -101.547719, 53.972235 ], [ -101.523183, 54.022773 ], [ -101.500071, 54.040351 ], [ -101.439687, 53.991645 ], [ -101.433909, 53.968207 ], [ -101.436147, 53.926581 ], [ -101.385365, 53.879421 ], [ -101.341949, 53.856798 ], [ -101.298695, 53.849229 ], [ -101.204172, 53.851508 ], [ -101.075307, 53.885932 ], [ -101.035959, 53.879421 ], [ -101.067983, 53.820136 ], [ -101.063303, 53.796251 ], [ -101.046539, 53.783759 ], [ -100.974477, 53.755235 ], [ -100.981313, 53.749091 ], [ -100.968373, 53.73489 ], [ -100.960805, 53.700629 ], [ -100.9381, 53.668077 ], [ -100.915924, 53.654853 ], [ -100.864613, 53.646064 ], [ -100.790273, 53.674506 ], [ -100.74413, 53.65412 ], [ -100.711334, 53.652655 ], [ -100.659169, 53.659695 ], [ -100.597401, 53.678412 ], [ -100.518625, 53.687038 ], [ -100.474843, 53.672716 ], [ -100.380483, 53.67475 ], [ -100.336049, 53.665351 ], [ -100.310374, 53.631781 ], [ -100.323354, 53.590766 ] ], [ [ -99.330312, 53.159451 ], [ -99.30606, 53.151394 ], [ -99.267079, 53.155707 ], [ -99.247304, 53.189236 ] ] ] } },
{ "type": "Feature", "properties": { "name": "Winnipeg" }, "geometry": { "type": "MultiLineString", "coordinates": [ [ [ -96.597646, 50.979275 ], [ -96.500315, 50.83393 ], [ -96.423899, 50.705837 ], [ -96.397084, 50.67711 ], [ -96.294342, 50.623887 ] ], [ [ -96.02599, 50.283026 ], [ -95.988759, 50.404812 ] ] ] } },
{ "type": "Feature", "properties": { "name": "Winnipeg" }, "geometry": { "type": "MultiLineString", "coordinates": [ [ [ -95.988678, 50.40351 ], [ -95.996083, 50.449083 ], [ -96.009877, 50.466376 ], [ -96.055653, 50.478583 ], [ -96.115793, 50.52029 ], [ -96.139882, 50.530219 ], [ -96.147572, 50.537055 ], [ -96.155019, 50.562283 ], [ -96.166249, 50.569688 ], [ -96.226715, 50.581163 ], [ -96.295277, 50.624538 ] ], [ [ -95.109290975715467, 50.223342942461841 ], [ -95.21467, 50.267849 ], [ -95.231842, 50.281277 ], [ -95.22175, 50.291571 ], [ -95.190907, 50.301785 ], [ -95.168284, 50.324408 ], [ -95.180328, 50.328437 ], [ -95.214833, 50.363837 ], [ -95.411041, 50.377387 ], [ -95.458404, 50.370673 ], [ -95.543446, 50.332139 ], [ -95.550689, 50.313788 ], [ -95.544667, 50.276923 ], [ -95.554067, 50.253974 ], [ -95.646962, 50.180732 ], [ -95.67276, 50.181912 ], [ -95.704823, 50.199327 ], [ -95.766591, 50.172065 ], [ -95.834869, 50.172065 ], [ -95.869008, 50.166571 ], [ -95.929921, 50.142686 ], [ -96.025217, 50.137234 ], [ -96.046742, 50.148953 ], [ -96.061147, 50.178819 ], [ -96.060658, 50.210964 ], [ -96.032094, 50.257676 ], [ -96.02595, 50.283149 ] ] ] } },
{ "type": "Feature", "properties": { "name": "Nelson" }, "geometry": { "type": "MultiLineString", "coordinates": [ [ [ -95.431142, 56.339179 ], [ -95.256256, 56.360907 ], [ -95.206654, 56.380805 ], [ -95.152659, 56.387274 ], [ -95.021067, 56.370225 ], [ -94.926381, 56.391954 ], [ -94.779408, 56.393826 ] ], [ [ -96.552642, 56.062812 ], [ -96.522532, 56.110175 ], [ -96.488393, 56.12226 ], [ -96.435618, 56.132514 ], [ -96.306508, 56.127509 ], [ -96.254384, 56.134711 ], [ -96.217152, 56.147406 ], [ -96.182037, 56.178087 ], [ -96.160024, 56.221869 ], [ -96.130849, 56.242377 ], [ -96.02066, 56.251044 ], [ -95.945546, 56.282091 ], [ -95.840891, 56.291205 ] ], [ [ -97.945546, 54.948188 ], [ -97.838694, 54.974636 ], [ -97.801137, 54.992947 ], [ -97.614898, 55.119493 ], [ -97.44107, 55.166693 ], [ -97.3815, 55.199042 ], [ -97.254058, 55.235622 ] ], [ [ -97.901479, 54.704657 ], [ -97.885487, 54.66767 ], [ -97.864125, 54.645616 ], [ -97.832753, 54.590684 ], [ -97.790842, 54.570746 ] ], [ [ -96.597646, 50.979275 ], [ -96.586252, 51.029324 ], [ -96.58849, 51.099962 ], [ -96.58259, 51.156928 ], [ -96.593577, 51.284613 ], [ -96.594472, 51.41824 ], [ -96.633656, 51.499823 ], [ -96.696156, 51.592841 ], [ -96.739491, 51.674913 ], [ -96.778188, 51.722357 ], [ -96.852528, 51.780707 ], [ -96.976959, 51.860907 ], [ -97.093251, 51.962999 ], [ -97.174916, 52.073798 ], [ -97.28661, 52.170966 ], [ -97.457143, 52.271308 ], [ -97.589426, 52.415351 ], [ -97.631337, 52.555365 ], [ -97.71703, 52.681667 ], [ -97.803293, 52.882676 ], [ -97.859283, 53.086493 ], [ -97.908559, 53.304511 ], [ -97.911366, 53.593126 ], [ -97.889272, 53.646064 ], [ -97.857737, 53.693793 ], [ -97.868153, 53.745388 ], [ -97.957509, 53.822333 ], [ -97.995351, 53.836737 ], [ -98.018381, 53.867011 ], [ -98.015452, 53.909247 ], [ -97.992747, 53.980577 ], [ -97.963735, 54.002305 ], [ -97.931956, 54.014268 ], [ -97.831532, 54.01321 ], [ -97.789947, 54.023464 ], [ -97.767934, 54.041693 ], [ -97.740102, 54.091091 ] ] ] } },
{ "type": "Feature", "properties": { "name": "Nelson" }, "geometry": { "type": "MultiLineString", "coordinates": [ [ [ -94.779408, 56.393826 ], [ -94.512318, 56.387722 ], [ -94.198883, 56.429389 ], [ -94.155629, 56.455268 ], [ -94.097808, 56.515163 ], [ -93.912587, 56.574571 ], [ -93.893544, 56.606553 ], [ -93.873036, 56.625312 ], [ -93.76476, 56.699774 ], [ -93.518788, 56.812201 ], [ -93.434926, 56.894395 ], [ -93.388499, 56.907742 ], [ -93.275502, 56.907742 ], [ -93.148874, 56.921983 ], [ -92.881947, 56.914578 ] ], [ [ -95.84203, 56.290798 ], [ -95.802235, 56.308946 ], [ -95.719106, 56.311876 ], [ -95.666982, 56.332343 ], [ -95.59496, 56.318712 ], [ -95.574574, 56.325873 ], [ -95.483469, 56.327663 ], [ -95.431142, 56.339179 ] ], [ [ -97.254058, 55.235622 ], [ -97.181264, 55.23017 ], [ -97.095815, 55.235419 ], [ -97.013905, 55.252875 ], [ -96.951772, 55.284003 ], [ -96.8426, 55.393256 ], [ -96.818227, 55.406602 ], [ -96.80248, 55.428778 ], [ -96.772817, 55.449042 ], [ -96.759389, 55.503119 ], [ -96.768056, 55.539984 ], [ -96.75536, 55.585517 ], [ -96.732045, 55.628363 ], [ -96.681223, 55.689968 ], [ -96.644928, 55.759385 ], [ -96.598215, 55.823594 ], [ -96.551422, 55.92829 ], [ -96.534088, 56.020779 ], [ -96.546132, 56.035102 ], [ -96.552642, 56.062812 ] ], [ [ -97.901479, 54.704657 ], [ -97.895823, 54.732367 ], [ -97.89977, 54.741482 ], [ -97.918202, 54.74905 ], [ -97.941477, 54.742011 ], [ -97.946889, 54.754014 ], [ -97.931874, 54.797431 ], [ -98.010854, 54.803168 ], [ -98.027455, 54.817898 ], [ -98.034006, 54.835273 ], [ -98.01651, 54.844306 ], [ -98.006988, 54.858913 ], [ -98.027455, 54.886176 ], [ -98.010365, 54.909735 ], [ -97.945546, 54.948188 ] ], [ [ -97.740102, 54.091091 ], [ -97.691518, 54.115302 ], [ -97.672597, 54.133612 ], [ -97.652089, 54.17829 ], [ -97.595326, 54.214545 ], [ -97.546498, 54.291571 ], [ -97.555776, 54.310167 ], [ -97.592356, 54.313015 ], [ -97.601715, 54.352566 ], [ -97.637685, 54.399604 ], [ -97.575022, 54.475287 ], [ -97.581776, 54.508653 ], [ -97.575022, 54.516221 ], [ -97.595123, 54.529161 ], [ -97.64566, 54.530137 ], [ -97.689931, 54.550849 ], [ -97.791168, 54.570828 ] ] ] } },
{ "type": "Feature", "properties": { "name": "Severn" }, "geometry": { "type": "LineString", "coordinates": [ [ -95.670033, 53.173692 ], [ -95.626332, 53.15823 ], [ -95.581939, 53.130439 ], [ -95.499338, 53.118476 ], [ -95.426503, 53.128933 ], [ -95.381907, 53.105048 ], [ -95.307525, 53.097357 ], [ -95.252309, 53.083686 ], [ -95.218577, 53.095282 ], [ -95.108957, 53.111029 ], [ -95.060455, 53.111029 ], [ -95.032826, 53.134345 ], [ -95.0537, 53.162787 ], [ -95.035878, 53.173611 ], [ -94.966664, 53.190253 ], [ -94.743276, 53.195421 ], [ -94.722035, 53.213324 ], [ -94.656402, 53.24197 ], [ -94.615468, 53.228339 ], [ -94.505198, 53.235785 ], [ -94.482167, 53.231879 ], [ -94.46467, 53.220893 ], [ -94.459096, 53.195746 ], [ -94.451214900074262, 53.186953857770874 ] ] } },
{ "type": "Feature", "properties": { "name": "Red" }, "geometry": { "type": "LineString", "coordinates": [ [ -96.785553, 50.391466 ], [ -96.75768, 50.518622 ], [ -96.743072, 50.660915 ], [ -96.597646, 50.979275 ] ] } },
{ "type": "Feature", "properties": { "name": "Red" }, "geometry": { "type": "LineString", "coordinates": [ [ -97.218949022600995, 48.948334194316132 ], [ -97.22936, 48.968573 ], [ -97.226186, 48.992743 ], [ -97.188222, 49.044257 ], [ -97.188588, 49.058214 ], [ -97.226186, 49.123074 ], [ -97.268625, 49.157172 ], [ -97.295277, 49.223944 ], [ -97.314809, 49.241319 ], [ -97.319814, 49.305121 ], [ -97.34968, 49.355821 ], [ -97.26476, 49.40644 ], [ -97.239817, 49.47252 ], [ -97.210317, 49.508734 ], [ -97.142812, 49.571234 ], [ -97.116322, 49.609687 ], [ -97.103261, 49.688544 ], [ -97.087961, 49.719062 ], [ -97.114247, 49.754503 ], [ -97.114003, 49.778917 ], [ -97.103261, 49.808295 ], [ -97.126047, 49.832953 ], [ -97.108957, 49.865017 ], [ -97.109486, 49.908555 ], [ -97.103261, 49.93122 ], [ -97.091786, 49.945665 ], [ -97.05484, 49.959093 ], [ -97.013661, 50.016913 ], [ -96.917633, 50.103135 ], [ -96.869252, 50.123603 ], [ -96.851064, 50.144884 ], [ -96.814687, 50.219794 ], [ -96.836985, 50.263251 ], [ -96.840647, 50.286811 ], [ -96.835764, 50.30919 ], [ -96.814687, 50.318874 ], [ -96.814687, 50.342719 ], [ -96.785634, 50.39114 ] ] } },
{ "type": "Feature", "properties": { "name": "Churchill" }, "geometry": { "type": "MultiLineString", "coordinates": [ [ [ -97.555776, 57.394355 ], [ -97.474233, 57.405463 ], [ -97.390492, 57.387274 ], [ -97.327056, 57.360175 ], [ -97.202545, 57.335273 ], [ -97.116444, 57.332343 ] ], [ [ -99.634023, 56.646064 ], [ -99.607655, 56.656928 ], [ -99.599965, 56.671942 ], [ -99.595448, 56.726264 ], [ -99.567983, 56.753974 ], [ -99.532053, 56.758002 ], [ -99.464101, 56.778347 ], [ -99.345326, 56.832099 ], [ -99.289866, 56.832709 ], [ -99.226674, 56.844835 ], [ -99.172109, 56.875678 ], [ -99.115834, 56.893256 ], [ -99.067983, 56.90058 ], [ -99.010487, 56.898301 ], [ -98.947987, 56.882514 ], [ -98.905507, 56.880235 ], [ -98.852895, 56.891547 ], [ -98.813059, 56.91474 ], [ -98.812123, 56.968533 ], [ -98.801381, 57.003852 ], [ -98.760081, 57.006944 ], [ -98.719594, 57.020575 ], [ -98.628774, 57.106553 ], [ -98.573313, 57.11164 ], [ -98.517893, 57.099799 ], [ -98.461252, 57.115668 ], [ -98.372955, 57.113389 ], [ -98.334462, 57.120714 ], [ -98.29601, 57.138292 ], [ -98.282704, 57.172227 ], [ -98.284657, 57.212999 ], [ -98.275299, 57.246121 ], [ -98.242787, 57.321397 ], [ -98.221303, 57.339789 ], [ -98.186187, 57.35224 ], [ -98.081166, 57.365302 ], [ -98.040151, 57.376044 ], [ -97.988352, 57.376776 ] ], [ [ -100.378245, 56.178005 ], [ -100.408193, 56.192003 ], [ -100.468495, 56.239569 ], [ -100.4829, 56.262274 ], [ -100.468495, 56.279812 ], [ -100.353871, 56.32331 ], [ -100.289296, 56.387559 ], [ -100.245188, 56.404853 ], [ -100.181793, 56.416124 ], [ -100.0808, 56.460801 ], [ -100.022776, 56.495876 ] ], [ [ -100.734934, 55.763861 ], [ -100.587026, 55.764187 ], [ -100.521392, 55.775499 ], [ -100.491933, 55.78795 ], [ -100.42634, 55.868272 ], [ -100.412709, 55.936225 ], [ -100.42516, 55.962266 ], [ -100.482655, 56.012315 ], [ -100.491933, 56.038113 ], [ -100.49649, 56.099189 ], [ -100.495269, 56.130927 ], [ -100.487294, 56.138739 ] ], [ [ -102.041956896817751, 55.716655913971387 ], [ -101.853383, 55.739285 ], [ -101.721262, 55.777696 ], [ -101.618967, 55.776882 ] ] ] } },
{ "type": "Feature", "properties": { "name": "Churchill" }, "geometry": { "type": "MultiLineString", "coordinates": [ [ [ -97.98648, 57.376329 ], [ -97.94811, 57.363308 ], [ -97.915924, 57.36164 ], [ -97.852691, 57.381374 ], [ -97.81725, 57.414252 ], [ -97.798451, 57.421698 ], [ -97.75064, 57.40119 ], [ -97.684804, 57.421698 ], [ -97.555776, 57.394355 ] ], [ [ -97.116322, 57.332343 ], [ -97.090891, 57.340766 ], [ -97.042551, 57.329779 ], [ -97.015492, 57.304023 ], [ -97.02009, 57.277655 ], [ -97.000234, 57.23668 ], [ -96.931956, 57.209418 ], [ -96.791086, 57.242947 ], [ -96.759389, 57.216254 ], [ -96.67748, 57.186103 ], [ -96.630523, 57.160915 ], [ -96.599762, 57.159206 ], [ -96.540924, 57.168484 ], [ -96.461293, 57.195095 ], [ -96.390207, 57.181586 ], [ -96.369985, 57.158026 ], [ -96.299387, 57.134101 ], [ -96.143056, 57.154812 ], [ -96.062245, 57.131293 ], [ -96.010569, 57.130398 ], [ -95.981557, 57.154975 ], [ -95.992258, 57.174628 ], [ -95.979156, 57.1883 ], [ -95.986643, 57.224555 ], [ -95.96345, 57.257839 ], [ -95.928538, 57.267768 ], [ -95.910268, 57.291327 ], [ -95.869537, 57.318305 ], [ -95.792633, 57.327826 ], [ -95.701812, 57.365058 ], [ -95.688344, 57.37873 ], [ -95.692494, 57.389757 ], [ -95.744985, 57.400092 ], [ -95.731597, 57.413153 ], [ -95.639394, 57.450995 ], [ -95.557932, 57.459499 ], [ -95.534291, 57.467353 ], [ -95.430084, 57.520819 ], [ -95.40689, 57.524115 ], [ -95.358225, 57.511298 ], [ -95.341705, 57.531562 ], [ -95.334706, 57.554877 ], [ -95.346059, 57.564805 ], [ -95.424062, 57.568874 ], [ -95.443715, 57.577704 ], [ -95.455312, 57.594509 ], [ -95.455068, 57.651923 ], [ -95.423695, 57.699408 ], [ -95.435618, 57.720038 ], [ -95.477528, 57.73786 ], [ -95.472076, 57.758083 ], [ -95.401235, 57.789374 ], [ -95.382314, 57.822292 ], [ -95.362375, 57.827745 ], [ -95.307607, 57.825751 ], [ -95.271108, 57.833564 ], [ -95.213775, 57.869818 ], [ -94.98412, 57.970323 ], [ -94.799387, 58.087836 ], [ -94.67394, 58.130316 ], [ -94.595326, 58.137274 ], [ -94.572255, 58.143134 ], [ -94.550038, 58.158759 ], [ -94.508046, 58.170233 ], [ -94.375844, 58.194892 ], [ -94.361684, 58.223009 ] ], [ [ -100.023997, 56.495795 ], [ -99.974721, 56.499864 ], [ -99.952748, 56.508734 ], [ -99.888783, 56.561225 ], [ -99.863596, 56.573798 ], [ -99.812367, 56.585517 ], [ -99.768137, 56.617011 ], [ -99.634023, 56.646064 ] ], [ [ -100.487294, 56.138739 ], [ -100.371816, 56.158555 ], [ -100.378245, 56.178046 ] ], [ [ -101.618764, 55.776882 ], [ -101.487701, 55.785509 ], [ -101.364003, 55.810858 ], [ -101.340566, 55.806952 ], [ -101.320872, 55.793972 ], [ -101.317738, 55.752997 ], [ -101.303456, 55.722846 ], [ -101.283844, 55.712185 ], [ -101.255727, 55.705512 ], [ -100.984731, 55.694892 ], [ -100.928822, 55.700141 ], [ -100.734934, 55.763861 ] ] ] } },
{ "type": "Feature", "properties": { "name": "Thlewiaza" }, "geometry": { "type": "MultiLineString", "coordinates": [ [ [ -99.76785192578474, 60.050061482468671 ], [ -99.812245, 60.020128 ], [ -99.940419, 59.970771 ], [ -99.96581, 59.944159 ], [ -100.013539, 59.858832 ], [ -100.02302, 59.824001 ], [ -100.020416, 59.785712 ], [ -100.006703, 59.746853 ], [ -100.020131, 59.725694 ], [ -100.045562, 59.707953 ], [ -100.10497, 59.692003 ], [ -100.134633, 59.696601 ], [ -100.171213, 59.714871 ], [ -100.198638, 59.741238 ] ], [ [ -101.241567, 59.655137 ], [ -101.192372, 59.592353 ], [ -101.172678, 59.578559 ], [ -101.141347, 59.572699 ], [ -101.082997, 59.581651 ], [ -101.055531, 59.617499 ], [ -101.037424, 59.624538 ], [ -101.001861, 59.621405 ] ] ] } },
{ "type": "Feature", "properties": { "name": "Thlewiaza" }, "geometry": { "type": "MultiLineString", "coordinates": [ [ [ -101.882802, 59.963446 ], [ -101.860992, 59.929958 ], [ -101.858266, 59.912543 ], [ -101.824778, 59.909451 ], [ -101.819814, 59.90351 ], [ -101.817291, 59.882107 ], [ -101.833567, 59.868679 ], [ -101.826161, 59.8546 ], [ -101.789418, 59.833686 ], [ -101.759023, 59.827216 ], [ -101.747426, 59.795111 ], [ -101.680002, 59.787543 ], [ -101.669789, 59.776394 ], [ -101.666493, 59.755194 ], [ -101.653472, 59.74372 ], [ -101.537994, 59.720526 ], [ -101.432729, 59.709988 ], [ -101.34557, 59.658149 ], [ -101.32079, 59.655544 ], [ -101.276723, 59.676622 ], [ -101.241933, 59.655544 ] ], [ [ -101.001861, 59.621405 ], [ -100.85436, 59.635688 ], [ -100.836537, 59.632514 ], [ -100.844716, 59.614569 ], [ -100.822133, 59.601752 ], [ -100.794545, 59.608832 ], [ -100.748525, 59.635688 ], [ -100.706451, 59.641466 ], [ -100.700063, 59.631944 ], [ -100.704579, 59.624091 ], [ -100.734853, 59.600898 ], [ -100.70165, 59.593329 ], [ -100.53246, 59.63581 ], [ -100.471425, 59.624783 ], [ -100.418446, 59.65644 ], [ -100.344838, 59.669786 ], [ -100.310292, 59.682888 ], [ -100.302235, 59.70071 ], [ -100.272206, 59.708441 ], [ -100.253326, 59.732693 ], [ -100.23351, 59.741278 ], [ -100.198638, 59.741238 ] ] ] } },
{ "type": "Feature", "properties": { "name": "Assiniboine" }, "geometry": { "type": "MultiLineString", "coordinates": [ [ [ -101.630056467540143, 51.302224987555043 ], [ -101.552317, 51.27143 ], [ -101.531728, 51.257025 ], [ -101.505279, 51.206244 ], [ -101.495188, 51.151475 ], [ -101.481109, 51.134833 ], [ -101.423207, 51.093451 ], [ -101.414622, 51.07628 ], [ -101.410959, 51.028998 ], [ -101.418609, 50.985785 ], [ -101.44286, 50.951524 ], [ -101.484609, 50.938666 ], [ -101.486806, 50.921332 ], [ -101.468495, 50.884589 ], [ -101.446645, 50.864569 ], [ -101.433176, 50.840359 ], [ -101.438791, 50.76142 ], [ -101.433705, 50.739936 ], [ -101.404408, 50.693183 ], [ -101.413238, 50.658026 ], [ -101.399566, 50.575507 ], [ -101.370595, 50.515245 ], [ -101.33495, 50.474311 ], [ -101.323842, 50.4383 ] ], [ [ -101.310211, 50.4383 ], [ -101.238515, 50.390815 ], [ -101.211985, 50.359646 ], [ -101.193512, 50.322292 ], [ -101.17748, 50.256659 ], [ -101.083648, 50.205593 ], [ -101.064524, 50.178046 ], [ -101.05016, 50.122341 ], [ -101.033762, 50.105536 ], [ -100.995513, 50.082709 ], [ -100.933339, 50.081 ], [ -100.916086, 50.072089 ], [ -100.884023, 50.040107 ], [ -100.864573, 50.000067 ], [ -100.850901, 49.938666 ], [ -100.837799, 49.922187 ], [ -100.830434, 49.856716 ], [ -100.812896, 49.843044 ], [ -100.666005, 49.800727 ], [ -100.546213, 49.787218 ], [ -100.487782, 49.794623 ], [ -100.494618, 49.794623 ], [ -100.481068, 49.804551 ], [ -100.466705, 49.847113 ], [ -100.450266, 49.856716 ], [ -100.407379, 49.860419 ], [ -100.336293, 49.890163 ], [ -100.289662, 49.896837 ], [ -100.241282, 49.897244 ], [ -100.040354, 49.853054 ], [ -99.831939, 49.845404 ], [ -99.788889, 49.828803 ], [ -99.753529, 49.787665 ], [ -99.700754, 49.762559 ], [ -99.656361, 49.701931 ], [ -99.641754, 49.691677 ], [ -99.556142, 49.657497 ], [ -99.540151, 49.663682 ], [ -99.518219, 49.656277 ], [ -99.442779, 49.6081 ], [ -99.397857, 49.596015 ], [ -99.38268, 49.608344 ], [ -99.371205, 49.609687 ], [ -99.33019, 49.596015 ], [ -99.306142, 49.602484 ], [ -99.275014, 49.636013 ], [ -99.240102, 49.652371 ], [ -99.223459, 49.698432 ], [ -99.14151, 49.698432 ], [ -99.110422, 49.70661 ], [ -99.075551, 49.685126 ], [ -99.046986, 49.696153 ], [ -98.998158, 49.702989 ], [ -98.98762, 49.712714 ], [ -98.957997, 49.711941 ], [ -98.897572, 49.678005 ], [ -98.85554, 49.702704 ], [ -98.796498, 49.708035 ], [ -98.788971, 49.726386 ], [ -98.766998, 49.737128 ], [ -98.707631, 49.754462 ], [ -98.685902, 49.75373 ] ], [ [ -98.30191, 49.944403 ], [ -98.190663, 49.925971 ], [ -98.148997, 49.94953 ], [ -98.093577, 49.957587 ], [ -98.05191, 49.989854 ], [ -98.036366, 50.01793 ], [ -98.011138, 50.023383 ], [ -97.980214, 50.041083 ], [ -97.895741, 50.055284 ], [ -97.847401, 50.05268 ], [ -97.808258, 50.041083 ], [ -97.744496, 50.004706 ], [ -97.694, 49.994249 ], [ -97.664174, 49.964667 ], [ -97.643788, 49.952338 ], [ -97.616526, 49.952338 ], [ -97.602854, 49.93122 ], [ -97.535064, 49.90058 ], [ -97.489491, 49.86994 ], [ -97.46227, 49.863593 ], [ -97.349599, 49.863593 ], [ -97.302968, 49.855333 ], [ -97.288482, 49.867458 ], [ -97.243153, 49.877224 ], [ -97.135854, 49.870144 ] ], [ [ -98.30191, 49.944403 ], [ -98.301137, 49.944892 ], [ -98.308583, 49.944892 ], [ -98.30191, 49.944403 ] ], [ [ -97.135854, 49.870144 ], [ -97.109364, 49.877224 ] ], [ [ -97.135854, 49.870144 ], [ -97.129872, 49.869737 ], [ -97.137318, 49.869737 ], [ -97.135854, 49.870144 ] ], [ [ -98.612416, 49.766954 ], [ -98.496449, 49.758246 ], [ -98.443471, 49.770575 ], [ -98.445139, 49.815131 ], [ -98.437571, 49.823676 ], [ -98.435414, 49.850898 ], [ -98.366933, 49.877224 ], [ -98.362864, 49.880439 ], [ -98.369985, 49.90115 ], [ -98.366811, 49.908311 ], [ -98.30191, 49.944403 ] ], [ [ -98.612416, 49.766954 ], [ -98.610219, 49.767361 ], [ -98.617665, 49.767361 ], [ -98.612416, 49.766954 ] ], [ [ -98.685902, 49.75373 ], [ -98.612416, 49.766954 ] ], [ [ -98.685902, 49.75373 ], [ -98.685902, 49.759874 ] ] ] } },
{ "type": "Feature", "properties": { "name": "Gods" }, "geometry": { "type": "LineString", "coordinates": [ [ -94.094146, 54.872504 ], [ -94.080474, 54.886176 ], [ -94.08552, 54.906033 ], [ -94.078114, 54.930976 ], [ -94.062611, 54.952216 ], [ -94.021311, 54.967637 ], [ -93.957631, 55.009711 ], [ -93.916615, 55.016547 ], [ -93.884104, 55.040473 ], [ -93.793853, 55.053005 ], [ -93.772043, 55.064276 ], [ -93.74474, 55.099066 ], [ -93.691558, 55.133816 ], [ -93.629709, 55.138861 ], [ -93.592193, 55.182685 ], [ -93.587636, 55.194648 ], [ -93.592641, 55.224962 ], [ -93.566151, 55.237128 ], [ -93.505727, 55.284003 ], [ -93.482411, 55.292914 ], [ -93.38683, 55.293647 ], [ -93.306508, 55.317572 ], [ -92.866811, 55.336493 ], [ -92.822133, 55.350653 ], [ -92.761545, 55.352322 ], [ -92.717519, 55.365994 ], [ -92.647043, 55.348253 ], [ -92.604807, 55.359687 ], [ -92.525706, 55.33865 ], [ -92.480621, 55.337836 ], [ -92.438222, 55.349229 ], [ -92.367421, 55.393256 ], [ -92.376088, 55.421413 ], [ -92.358754, 55.44538 ], [ -92.327952, 55.462104 ], [ -92.195221, 55.491767 ], [ -92.192983, 55.552761 ], [ -92.166493, 55.654812 ], [ -92.174184, 55.723456 ], [ -92.172841, 55.73664 ], [ -92.161366, 55.749538 ], [ -92.173818, 55.786648 ], [ -92.173248, 55.811143 ], [ -92.16511, 55.828396 ], [ -92.107045, 55.865994 ], [ -92.10733, 55.87991 ], [ -92.172434, 55.907253 ], [ -92.27123, 55.989773 ], [ -92.409576, 56.051703 ], [ -92.44933, 56.084662 ], [ -92.486155, 56.13227 ], [ -92.490956, 56.150499 ], [ -92.504954, 56.160834 ], [ -92.593332, 56.188341 ], [ -92.648549, 56.194607 ], [ -92.688547, 56.218777 ], [ -92.720448, 56.229112 ], [ -92.772084, 56.277777 ], [ -92.837392, 56.313178 ], [ -92.853668, 56.348497 ] ] } },
{ "type": "Feature", "properties": { "name": "Hayes" }, "geometry": { "type": "LineString", "coordinates": [ [ -92.853668, 56.348497 ], [ -92.855702, 56.360541 ], [ -92.813059, 56.408067 ], [ -92.77245, 56.466498 ], [ -92.732533, 56.48371 ], [ -92.712392, 56.502631 ], [ -92.655385, 56.578803 ], [ -92.651723, 56.613227 ], [ -92.635976, 56.642646 ], [ -92.64387, 56.660509 ], [ -92.669057, 56.688666 ], [ -92.662587, 56.705268 ], [ -92.665639, 56.712226 ], [ -92.69579, 56.722195 ], [ -92.699127, 56.746039 ], [ -92.690175, 56.771186 ], [ -92.651601, 56.8039 ], [ -92.637318, 56.826117 ], [ -92.645172, 56.849677 ], [ -92.640614, 56.86518 ], [ -92.58373, 56.921983 ], [ -92.525624, 56.927273 ], [ -92.470448, 56.941921 ] ] } },
{ "type": "Feature", "properties": { "name": "Seal" }, "geometry": { "type": "LineString", "coordinates": [ [ -97.395091, 58.91776 ], [ -97.483767, 58.909768 ], [ -97.523834, 58.898348 ], [ -97.584148, 58.866478 ], [ -97.596757, 58.849769 ] ] } },
{ "type": "Feature", "properties": { "name": null }, "geometry": { "type": "LineString", "coordinates": [ [ -99.337409, 49.222663 ], [ -99.353299, 49.216805 ], [ -99.363002, 49.200119 ], [ -99.353081, 49.177519 ], [ -99.360861, 49.165955 ], [ -99.38635, 49.165381 ], [ -99.451293, 49.14211 ], [ -99.582464, 49.138228 ], [ -99.641801, 49.151294 ], [ -99.682809, 49.172268 ], [ -99.703593, 49.17586 ], [ -99.747041, 49.169379 ], [ -99.850292, 49.086846 ], [ -99.865338, 49.057277 ], [ -99.892612, 49.035112 ], [ -99.897404, 49.02437 ], [ -99.892651, 49.019861 ] ] } },
{ "type": "Feature", "properties": { "name": "Pembina" }, "geometry": { "type": "LineString", "coordinates": [ [ -99.337409, 49.222663 ], [ -99.41071, 49.23074 ], [ -99.469003, 49.2786 ], [ -99.481349, 49.264952 ], [ -99.50205, 49.262732 ], [ -99.554049, 49.272234 ], [ -99.646463, 49.241993 ], [ -99.662924, 49.228199 ], [ -99.708257, 49.224446 ], [ -99.781178, 49.204902 ], [ -99.796149, 49.193755 ], [ -99.868135, 49.196597 ], [ -99.975655, 49.171478 ], [ -100.013853, 49.150301 ], [ -100.030219, 49.111624 ], [ -100.050977, 49.084054 ] ] } },
{ "type": "Feature", "properties": { "name": "Beaver Stone" }, "geometry": { "type": "LineString", "coordinates": [ [ -90.504288, 55.979971 ], [ -90.52164, 55.966738 ], [ -90.545279, 55.967731 ], [ -90.63118, 55.927648 ], [ -90.536207, 55.895644 ], [ -90.493258, 55.863572 ], [ -90.475837176113629, 55.837041673652656 ] ] } },
{ "type": "Feature", "properties": { "name": "Manigotagan" }, "geometry": { "type": "LineString", "coordinates": [ [ -95.369657, 50.861546 ], [ -95.328031, 50.844909 ], [ -95.30681, 50.829016 ], [ -95.289063, 50.801165 ], [ -95.2242, 50.768381 ], [ -95.205128, 50.751894 ], [ -95.225404, 50.736666 ], [ -95.210537, 50.726406 ], [ -95.161945, 50.715948 ], [ -95.108239925909302, 50.718194523029304 ] ] } },
{ "type": "Feature", "properties": { "name": "Gunisao" }, "geometry": { "type": "LineString", "coordinates": [ [ -95.570639, 53.282002 ], [ -95.603759, 53.296983 ], [ -95.677093, 53.316069 ], [ -95.700406, 53.340276 ], [ -95.756954, 53.35326 ], [ -95.781935, 53.345825 ], [ -95.804862, 53.350237 ], [ -95.82584, 53.366509 ], [ -95.874129, 53.384498 ], [ -95.896515, 53.411679 ], [ -95.940271, 53.415731 ] ] } },
{ "type": "Feature", "properties": { "name": "Red Sucker" }, "geometry": { "type": "LineString", "coordinates": [ [ -93.41815, 54.092221 ], [ -93.393476, 54.077539 ], [ -93.360466, 54.074204 ], [ -93.341621, 54.041754 ], [ -93.297527, 53.992497 ], [ -93.290688, 53.97902 ], [ -93.297748, 53.963109 ], [ -93.282766, 53.954421 ], [ -93.251690895749405, 53.950041226896779 ] ] } },
{ "type": "Feature", "properties": { "name": null }, "geometry": { "type": "LineString", "coordinates": [ [ -95.834355, 54.500078 ], [ -95.780246, 54.46871 ], [ -95.707437, 54.483517 ], [ -95.634439, 54.48381 ], [ -95.592777, 54.470196 ], [ -95.492247, 54.478384 ], [ -95.420877, 54.474648 ], [ -95.374372, 54.464641 ], [ -95.301754, 54.463347 ], [ -95.230605, 54.474141 ], [ -95.214746, 54.487126 ] ] } },
{ "type": "Feature", "properties": { "name": "Black Duck" }, "geometry": { "type": "LineString", "coordinates": [ [ -90.183917347701879, 56.024800348701376 ], [ -90.232521, 56.047523 ], [ -90.242488, 56.073904 ], [ -90.199299, 56.094007 ], [ -90.187896, 56.106298 ], [ -90.121832, 56.105369 ], [ -90.095532, 56.112722 ], [ -90.052328, 56.141614 ], [ -90.025066, 56.149545 ] ] } },
{ "type": "Feature", "properties": { "name": "Kaskattama" }, "geometry": { "type": "LineString", "coordinates": [ [ -91.609169, 56.096071 ], [ -91.597408, 56.106289 ], [ -91.58172, 56.167275 ], [ -91.571811, 56.17828 ], [ -91.523754, 56.196967 ], [ -91.507089, 56.209868 ], [ -91.499997, 56.224091 ], [ -91.413015, 56.262291 ], [ -91.369932, 56.271288 ], [ -91.296963, 56.305978 ] ] } },
{ "type": "Feature", "properties": { "name": "Machichi" }, "geometry": { "type": "LineString", "coordinates": [ [ -91.417675, 56.304266 ], [ -91.482152, 56.273725 ], [ -91.579345, 56.248724 ], [ -91.64592, 56.240669 ], [ -91.758346, 56.191038 ], [ -91.877771, 56.170276 ], [ -91.911527, 56.155863 ] ] } },
{ "type": "Feature", "properties": { "name": "Rat" }, "geometry": { "type": "LineString", "coordinates": [ [ -98.710706, 56.316733 ], [ -98.782775, 56.336425 ], [ -98.781991, 56.371737 ], [ -98.798555, 56.39958 ], [ -98.857723, 56.39995 ], [ -98.90715, 56.416113 ], [ -98.940717, 56.439125 ], [ -98.953795, 56.466172 ], [ -98.948578, 56.4813 ], [ -98.919458, 56.514866 ], [ -98.915426, 56.533246 ], [ -98.928755, 56.540281 ], [ -98.982523, 56.537846 ], [ -99.008764, 56.548626 ], [ -99.030908, 56.541508 ], [ -99.047011, 56.562503 ], [ -99.078135, 56.568647 ], [ -99.1025, 56.569437 ], [ -99.146215, 56.547743 ] ] } },
{ "type": "Feature", "properties": { "name": "Odei" }, "geometry": { "type": "LineString", "coordinates": [ [ -98.801395, 56.25255 ], [ -98.764232, 56.238687 ], [ -98.729711, 56.233875 ], [ -98.675779, 56.237874 ], [ -98.538377, 56.22936 ], [ -98.517105, 56.220211 ], [ -98.521087, 56.203815 ], [ -98.510218, 56.199103 ], [ -98.471604, 56.209517 ] ] } },
{ "type": "Feature", "properties": { "name": null }, "geometry": { "type": "LineString", "coordinates": [ [ -102.006855880907352, 55.340470313836661 ], [ -101.979692, 55.368073 ], [ -101.973622, 55.383627 ], [ -101.983745, 55.412242 ] ] } },
{ "type": "Feature", "properties": { "name": "Loon" }, "geometry": { "type": "LineString", "coordinates": [ [ -101.837771, 56.077798 ], [ -101.795444, 56.14363 ], [ -101.785237, 56.184889 ], [ -101.751496, 56.251384 ] ] } },
{ "type": "Feature", "properties": { "name": "Hughes" }, "geometry": { "type": "LineString", "coordinates": [ [ -100.97405, 57.330767 ], [ -100.957787, 57.337815 ], [ -100.948914, 57.354923 ], [ -100.961054, 57.372249 ], [ -100.961962, 57.385272 ], [ -100.938066, 57.409666 ], [ -100.919306, 57.477363 ], [ -100.911299, 57.534668 ], [ -100.929257, 57.606399 ], [ -100.956764, 57.617028 ], [ -101.003109, 57.62144 ], [ -101.087413, 57.650256 ] ] } },
{ "type": "Feature", "properties": { "name": "Owl" }, "geometry": { "type": "LineString", "coordinates": [ [ -93.996886, 57.413557 ], [ -94.055942, 57.410757 ], [ -94.111781, 57.382 ], [ -94.239503, 57.364539 ], [ -94.276187, 57.380215 ], [ -94.305198, 57.373323 ], [ -94.3264, 57.359034 ], [ -94.337927, 57.345821 ], [ -94.33668, 57.334135 ], [ -94.364345, 57.311761 ], [ -94.374565, 57.295403 ], [ -94.42467, 57.273092 ], [ -94.451058, 57.269305 ], [ -94.475553, 57.275902 ], [ -94.48653, 57.292328 ], [ -94.490376, 57.32023 ], [ -94.546061, 57.34341 ], [ -94.567585, 57.364556 ], [ -94.572059, 57.395592 ], [ -94.578971, 57.402056 ] ] } },
{ "type": "Feature", "properties": { "name": "Pembina" }, "geometry": { "type": "MultiLineString", "coordinates": [ [ [ -97.229358, 48.968574 ], [ -97.273795502288962, 48.948259252367301 ] ], [ [ -97.352507974126667, 48.948151700049081 ], [ -97.571844, 48.992654 ], [ -97.590544, 48.991043 ], [ -97.614519, 48.972258 ], [ -97.661748, 48.978118 ], [ -97.724154557041828, 48.947643884062373 ] ], [ [ -98.124277675475639, 48.947097157883434 ], [ -98.185445, 48.989767 ], [ -98.28022, 49.032258 ], [ -98.31287, 49.058039 ], [ -98.328864, 49.082368 ], [ -98.348642, 49.09223 ], [ -98.367935, 49.090844 ], [ -98.400301, 49.059139 ], [ -98.475296, 49.05658 ], [ -98.515354, 49.047954 ], [ -98.598705, 49.082088 ], [ -98.597929, 49.099918 ], [ -98.56296, 49.138956 ], [ -98.569341, 49.152914 ], [ -98.698808, 49.242249 ], [ -98.709307, 49.255953 ], [ -98.716508, 49.287184 ], [ -98.73472, 49.301997 ], [ -98.834495, 49.360016 ], [ -98.918592, 49.360797 ], [ -98.942288, 49.354665 ], [ -98.975117, 49.29074 ], [ -99.008841, 49.255859 ], [ -99.012134, 49.233238 ], [ -99.050732, 49.215596 ], [ -99.134484, 49.202806 ], [ -99.28686, 49.229199 ], [ -99.337409, 49.222663 ] ] ] } },
{ "type": "Feature", "properties": { "name": "Roseau" }, "geometry": { "type": "LineString", "coordinates": [ [ -97.280702, 49.19007 ], [ -97.268544, 49.200057 ], [ -97.239192, 49.203558 ], [ -97.170455, 49.148858 ], [ -97.130551, 49.144869 ], [ -97.098568, 49.163738 ], [ -97.07031, 49.19213 ], [ -97.046977, 49.201122 ], [ -97.025324, 49.205156 ], [ -96.986481, 49.192453 ], [ -96.885733, 49.19845 ], [ -96.827041, 49.179453 ], [ -96.680752, 49.084761 ], [ -96.656023, 49.078625 ], [ -96.609738, 49.086386 ], [ -96.585807, 49.080644 ], [ -96.577657, 49.065286 ], [ -96.515839, 49.026973 ], [ -96.492166, 48.996213 ], [ -96.475784, 48.986589 ], [ -96.414386, 48.981153 ], [ -96.382432002831337, 48.949477206885931 ] ] } },
{ "type": "Feature", "properties": { "name": "Pipestone" }, "geometry": { "type": "LineString", "coordinates": [ [ -100.656581, 49.633474 ], [ -100.611799, 49.613505 ], [ -100.557108, 49.62629 ], [ -100.510687, 49.646465 ], [ -100.440401, 49.646309 ], [ -100.324994, 49.634834 ], [ -100.254079, 49.613204 ] ] } },
{ "type": "Feature", "properties": { "name": "Pipestone" }, "geometry": { "type": "LineString", "coordinates": [ [ -100.812113, 49.682416 ], [ -100.827829, 49.695831 ], [ -100.852227, 49.700632 ], [ -100.912413, 49.696772 ], [ -100.927534, 49.682861 ], [ -100.9256, 49.651245 ], [ -100.934013, 49.615655 ], [ -100.951138, 49.597999 ], [ -100.979928, 49.59402 ], [ -101.008838, 49.602979 ], [ -101.097972, 49.580569 ], [ -101.105957, 49.613606 ], [ -101.123944, 49.630219 ], [ -101.137613, 49.663136 ], [ -101.175749, 49.683506 ], [ -101.201419, 49.713852 ], [ -101.389945, 49.815741 ], [ -101.46546, 49.884616 ], [ -101.502277002795978, 49.932783295258552 ] ] } },
{ "type": "Feature", "properties": { "name": "Souris" }, "geometry": { "type": "LineString", "coordinates": [ [ -99.590935, 49.669012 ], [ -99.60667, 49.632182 ], [ -99.644716, 49.600185 ], [ -99.826062, 49.523201 ], [ -99.850753, 49.478897 ], [ -99.847984, 49.460325 ], [ -99.85508, 49.456393 ], [ -99.994608, 49.503552 ], [ -100.053913, 49.537633 ], [ -100.171332, 49.591104 ], [ -100.24685, 49.615975 ], [ -100.280964, 49.600005 ], [ -100.327117, 49.601514 ], [ -100.459287, 49.569575 ], [ -100.475801, 49.552778 ], [ -100.479358, 49.537965 ], [ -100.564539, 49.472818 ], [ -100.58847, 49.458068 ], [ -100.671988, 49.444629 ], [ -100.697995, 49.434982 ], [ -100.798177, 49.381274 ], [ -100.841168, 49.341497 ], [ -100.980441, 49.264924 ], [ -101.032404, 49.21096 ], [ -101.033014, 49.181214 ], [ -100.99772, 49.129149 ], [ -100.961939, 49.102483 ], [ -100.950201, 49.08463 ], [ -100.95612, 49.008417 ], [ -100.971397717829873, 48.943206867645209 ] ] } },
{ "type": "Feature", "properties": { "name": "Qu'Appelle" }, "geometry": { "type": "LineString", "coordinates": [ [ -101.323845, 50.438301 ], [ -101.440032, 50.44634 ], [ -101.494939, 50.479538 ], [ -101.52071, 50.48725 ], [ -101.553911672769871, 50.486163840182599 ] ] } },
{ "type": "Feature", "properties": { "name": "Whitemouth" }, "geometry": { "type": "LineString", "coordinates": [ [ -95.619585, 49.269059 ], [ -95.610892, 49.278467 ], [ -95.610385, 49.294458 ], [ -95.6373, 49.321129 ], [ -95.627561, 49.348855 ], [ -95.632105, 49.363326 ], [ -95.649237, 49.378434 ], [ -95.698732, 49.402889 ], [ -95.708856, 49.422037 ], [ -95.702334, 49.441606 ], [ -95.713319, 49.460499 ], [ -95.787361, 49.478762 ], [ -95.81467, 49.492465 ], [ -95.893763, 49.498818 ], [ -95.923515, 49.543167 ], [ -95.942851, 49.559748 ], [ -95.98298, 49.576485 ], [ -95.982272, 49.591722 ], [ -95.97129, 49.605401 ], [ -95.884514, 49.642143 ], [ -95.902217, 49.697788 ], [ -95.897791, 49.718696 ], [ -95.877374, 49.74031 ], [ -95.877062, 49.84864 ], [ -95.885576, 49.86452 ], [ -95.935011, 49.89835 ], [ -95.948309, 49.933572 ], [ -95.994037, 49.976385 ], [ -96.038857, 50.042323 ], [ -96.043796, 50.06102 ], [ -96.033386, 50.078122 ], [ -96.025219, 50.137235 ] ] } },
{ "type": "Feature", "properties": { "name": "Manigotagan" }, "geometry": { "type": "LineString", "coordinates": [ [ -96.317422, 51.117827 ], [ -96.263326, 51.100254 ], [ -96.226549, 51.076562 ], [ -96.207498, 51.073045 ], [ -96.185627, 51.043803 ], [ -96.101224, 51.015525 ], [ -96.051958, 51.010761 ], [ -95.959839, 51.025554 ], [ -95.888189, 51.016656 ], [ -95.814159, 50.987879 ], [ -95.763577, 50.97803 ], [ -95.618814, 50.90405 ], [ -95.589911, 50.90116 ], [ -95.56243, 50.906651 ], [ -95.471074, 50.868604 ], [ -95.369657, 50.861546 ] ] } },
{ "type": "Feature", "properties": { "name": "Bloodvein" }, "geometry": { "type": "LineString", "coordinates": [ [ -96.685403, 51.776446 ], [ -96.676656, 51.768405 ], [ -96.662079, 51.725838 ], [ -96.645388, 51.713414 ], [ -96.619009, 51.710199 ], [ -96.606585, 51.700613 ], [ -96.602519, 51.671165 ], [ -96.580066, 51.660609 ], [ -96.526645, 51.658723 ], [ -96.512914, 51.65205 ], [ -96.50472, 51.636682 ], [ -96.4814, 51.628092 ], [ -96.428949, 51.620625 ], [ -96.37499, 51.632095 ], [ -96.353342, 51.626916 ], [ -96.338003, 51.607441 ], [ -96.293774, 51.576891 ], [ -96.284411, 51.559836 ], [ -96.275612, 51.514142 ], [ -96.262056, 51.50377 ], [ -96.233094, 51.502329 ], [ -96.207408, 51.493149 ], [ -96.067501, 51.495413 ], [ -96.04706, 51.500723 ], [ -96.051778, 51.526311 ], [ -96.031011, 51.536091 ], [ -96.000216, 51.538549 ], [ -95.969436, 51.524856 ], [ -95.927452, 51.539704 ], [ -95.904187, 51.538212 ], [ -95.873044, 51.522962 ], [ -95.875976, 51.509367 ], [ -95.887261, 51.495579 ], [ -95.938533, 51.468011 ], [ -95.946892, 51.456845 ], [ -95.882686, 51.439138 ], [ -95.783356, 51.386516 ], [ -95.767213, 51.389052 ], [ -95.730025, 51.409341 ], [ -95.700337, 51.444136 ], [ -95.677992, 51.459444 ], [ -95.652256, 51.458329 ], [ -95.630009, 51.451602 ], [ -95.576199, 51.449754 ], [ -95.513018, 51.432044 ], [ -95.487331, 51.417693 ], [ -95.448654, 51.381505 ], [ -95.435391, 51.350719 ], [ -95.42048, 51.339565 ], [ -95.373696, 51.331071 ], [ -95.338454, 51.303054 ], [ -95.285266, 51.30965 ], [ -95.246746, 51.32569 ], [ -95.203656, 51.324627 ], [ -95.106916010816974, 51.341515579882604 ] ] } },
{ "type": "Feature", "properties": { "name": "Berens" }, "geometry": { "type": "LineString", "coordinates": [ [ -95.605471, 52.081171 ], [ -95.676685, 52.10344 ], [ -95.75664, 52.149781 ], [ -95.780784, 52.144069 ], [ -95.802552, 52.152957 ], [ -95.840515, 52.193259 ], [ -95.873976, 52.183162 ], [ -95.935225, 52.200891 ], [ -95.967199, 52.201863 ], [ -96.021016, 52.18475 ], [ -96.128003, 52.209408 ], [ -96.15431, 52.205836 ], [ -96.17437, 52.175809 ], [ -96.198434, 52.16269 ], [ -96.298099, 52.164476 ], [ -96.338121, 52.152746 ], [ -96.416771, 52.183601 ], [ -96.434767, 52.184861 ], [ -96.473016, 52.173597 ], [ -96.50863, 52.192143 ], [ -96.574258, 52.212024 ], [ -96.636864, 52.250761 ], [ -96.747235, 52.287882 ], [ -96.786538, 52.264627 ], [ -96.814463, 52.258892 ], [ -96.846115, 52.264211 ], [ -96.870324, 52.278561 ], [ -96.88324, 52.29324 ], [ -96.884922, 52.308301 ], [ -96.899251, 52.316169 ], [ -96.93797, 52.331479 ], [ -97.030418, 52.352533 ] ] } },
{ "type": "Feature", "properties": { "name": "Berens" }, "geometry": { "type": "LineString", "coordinates": [ [ -95.105514810979315, 52.001223569266656 ], [ -95.139768, 51.996002 ], [ -95.196101, 52.004406 ], [ -95.200866, 52.016382 ], [ -95.197243, 52.032059 ], [ -95.206172, 52.039636 ], [ -95.283122, 52.05432 ] ] } },
{ "type": "Feature", "properties": { "name": "Poplar" }, "geometry": { "type": "LineString", "coordinates": [ [ -96.167333, 52.62132 ], [ -96.141322, 52.625356 ], [ -96.122097, 52.636849 ], [ -96.094292, 52.638174 ], [ -96.073162, 52.629632 ], [ -96.031918, 52.62628 ], [ -96.019701, 52.596552 ], [ -95.96542, 52.585511 ], [ -95.931758, 52.568894 ], [ -95.900296, 52.566581 ], [ -95.85375, 52.5786 ], [ -95.812799, 52.573134 ], [ -95.759176, 52.587351 ], [ -95.689455, 52.549294 ], [ -95.638586, 52.542546 ], [ -95.619602, 52.53319 ], [ -95.601324, 52.502852 ], [ -95.55938, 52.468056 ], [ -95.556006, 52.452012 ], [ -95.575706, 52.426627 ], [ -95.546011, 52.409309 ], [ -95.485875, 52.399328 ], [ -95.399296, 52.410007 ], [ -95.372889, 52.405257 ], [ -95.33591, 52.387792 ], [ -95.317995, 52.357424 ], [ -95.287326, 52.348863 ], [ -95.229716, 52.353028 ], [ -95.208599, 52.364572 ], [ -95.153129, 52.377415 ], [ -95.104770194135824, 52.351801457922349 ] ] } },
{ "type": "Feature", "properties": { "name": "Poplar" }, "geometry": { "type": "LineString", "coordinates": [ [ -96.517313, 52.740117 ], [ -96.428203, 52.657035 ], [ -96.375035, 52.649592 ], [ -96.322877, 52.661626 ], [ -96.289095, 52.660191 ] ] } },
{ "type": "Feature", "properties": { "name": "Poplar" }, "geometry": { "type": "LineString", "coordinates": [ [ -97.331639, 53.008085 ], [ -97.236734, 52.982887 ], [ -97.209974, 52.953663 ], [ -97.155033, 52.916728 ], [ -97.046148, 52.878414 ], [ -96.980874, 52.836168 ], [ -96.915857, 52.834096 ], [ -96.855414, 52.810196 ], [ -96.802855, 52.803939 ], [ -96.747079, 52.767227 ] ] } },
{ "type": "Feature", "properties": { "name": "Gunisao" }, "geometry": { "type": "LineString", "coordinates": [ [ -95.940271, 53.415731 ], [ -95.982305, 53.447623 ], [ -95.974355, 53.462454 ], [ -95.979164, 53.477967 ], [ -96.047508, 53.476901 ], [ -96.058211, 53.487005 ], [ -96.037074, 53.510268 ], [ -96.018602, 53.518394 ], [ -96.118792, 53.548747 ] ] } },
{ "type": "Feature", "properties": { "name": "Gunisao" }, "geometry": { "type": "LineString", "coordinates": [ [ -96.341449, 53.544106 ], [ -96.361531, 53.543031 ], [ -96.422568, 53.559823 ], [ -96.447514, 53.557524 ], [ -96.450484, 53.567598 ], [ -96.443801, 53.584555 ], [ -96.457665, 53.595711 ], [ -96.501464, 53.592523 ], [ -96.519114, 53.604572 ], [ -96.516844, 53.613178 ], [ -96.461199, 53.634089 ], [ -96.456626, 53.64816 ], [ -96.533048, 53.6604 ], [ -96.561089, 53.652474 ], [ -96.584489, 53.627555 ], [ -96.611151, 53.615766 ], [ -96.700748, 53.613323 ], [ -96.735187, 53.58816 ], [ -96.8285, 53.578773 ], [ -96.928635, 53.558441 ], [ -97.007786, 53.563463 ], [ -97.042716, 53.596922 ], [ -97.206015, 53.592815 ], [ -97.224719, 53.600241 ], [ -97.239001, 53.614518 ], [ -97.255101, 53.617817 ], [ -97.343391, 53.599378 ], [ -97.392533, 53.604278 ], [ -97.425308, 53.62434 ], [ -97.472343, 53.631943 ], [ -97.506061, 53.651942 ], [ -97.579047, 53.667479 ], [ -97.605199, 53.680061 ], [ -97.622227, 53.691993 ], [ -97.638823, 53.71819 ], [ -97.662593, 53.731395 ], [ -97.666774, 53.750324 ], [ -97.650447, 53.765764 ], [ -97.652795, 53.778246 ], [ -97.694681, 53.793466 ], [ -97.725698, 53.813307 ], [ -97.75066, 53.810285 ], [ -97.786093, 53.83804 ], [ -97.829325, 53.84822 ], [ -97.816883, 53.87185 ], [ -97.864051, 53.898901 ], [ -97.871028, 53.915632 ], [ -97.867561, 53.945174 ], [ -97.885502, 53.983312 ] ] } },
{ "type": "Feature", "properties": { "name": "Cobham" }, "geometry": { "type": "LineString", "coordinates": [ [ -95.499337, 53.118478 ], [ -95.569395, 53.088315 ], [ -95.564971, 53.076206 ], [ -95.543294, 53.062104 ], [ -95.489847, 53.046022 ], [ -95.49522, 53.022129 ], [ -95.479019, 53.009346 ], [ -95.431575, 52.994725 ], [ -95.413228, 52.928538 ], [ -95.38998, 52.919302 ], [ -95.289348, 52.926361 ], [ -95.254262, 52.892604 ], [ -95.289346, 52.865558 ], [ -95.277256, 52.853707 ], [ -95.219961, 52.847859 ], [ -95.110091, 52.855293 ], [ -95.031022332525382, 52.837031681800468 ] ] } },
{ "type": "Feature", "properties": { "name": null }, "geometry": { "type": "LineString", "coordinates": [ [ -93.881513, 54.458337 ], [ -93.842062, 54.453485 ], [ -93.786676, 54.461982 ], [ -93.666319, 54.455104 ], [ -93.644386, 54.463066 ], [ -93.626982, 54.478073 ], [ -93.599947, 54.517153 ], [ -93.503287, 54.561109 ], [ -93.437886, 54.577555 ], [ -93.395806, 54.562104 ] ] } },
{ "type": "Feature", "properties": { "name": "Seeber" }, "geometry": { "type": "LineString", "coordinates": [ [ -92.99473, 54.21872 ], [ -93.002564, 54.247094 ], [ -93.022514, 54.278744 ], [ -93.020592, 54.315372 ], [ -93.040442, 54.34414 ], [ -93.029756, 54.387922 ], [ -92.978331, 54.43574 ], [ -92.916149, 54.443215 ], [ -92.901269, 54.449657 ], [ -92.892901, 54.465377 ], [ -92.877671, 54.469656 ], [ -92.82105, 54.433211 ], [ -92.765823, 54.412564 ] ] } },
{ "type": "Feature", "properties": { "name": "Stull" }, "geometry": { "type": "MultiLineString", "coordinates": [ [ [ -92.480618, 55.337837 ], [ -92.53685, 55.286319 ], [ -92.577442, 55.269641 ], [ -92.601487, 55.237587 ], [ -92.670721, 55.203094 ], [ -92.651551, 55.166576 ] ], [ [ -92.651551, 55.166576 ], [ -92.651553, 55.166576 ] ], [ [ -92.651551, 55.166576 ], [ -92.636543, 55.165882 ], [ -92.601166, 55.143953 ], [ -92.519614, 55.122354 ], [ -92.498744, 55.110246 ], [ -92.498847, 55.08104 ], [ -92.532745, 55.032687 ], [ -92.507679, 55.015882 ], [ -92.503317, 55.002427 ], [ -92.509607, 54.990657 ], [ -92.503886, 54.978247 ], [ -92.486958, 54.958884 ], [ -92.481482, 54.934818 ], [ -92.45054, 54.899657 ], [ -92.455295, 54.884576 ], [ -92.480552, 54.863589 ], [ -92.501921, 54.821736 ], [ -92.492439, 54.792635 ], [ -92.496174, 54.776058 ], [ -92.508498, 54.740009 ], [ -92.553955, 54.680797 ], [ -92.552277, 54.673961 ] ] ] } },
{ "type": "Feature", "properties": { "name": "Stull" }, "geometry": { "type": "LineString", "coordinates": [ [ -92.629353, 54.539204 ], [ -92.610447, 54.509037 ], [ -92.589461, 54.497154 ], [ -92.57991, 54.483612 ], [ -92.580658, 54.461864 ] ] } },
{ "type": "Feature", "properties": { "name": "Red Sucker" }, "geometry": { "type": "LineString", "coordinates": [ [ -92.651551, 55.166576 ], [ -92.670188, 55.139912 ], [ -92.7273, 55.107735 ], [ -92.757701, 55.075662 ], [ -92.781239, 55.066683 ], [ -92.834729, 55.06298 ], [ -92.903929, 55.037821 ], [ -92.920229, 55.021357 ], [ -92.934696, 54.978791 ], [ -92.951377, 54.96386 ], [ -92.981153, 54.949582 ], [ -93.02336, 54.956641 ], [ -93.049229, 54.94963 ], [ -93.12111, 54.913677 ], [ -93.175667, 54.839692 ], [ -93.198687, 54.828837 ], [ -93.209421, 54.815131 ], [ -93.207155, 54.790227 ] ] } },
{ "type": "Feature", "properties": { "name": "Red Sucker" }, "geometry": { "type": "LineString", "coordinates": [ [ -93.436199, 54.451816 ], [ -93.401654, 54.552767 ], [ -93.370308, 54.595364 ], [ -93.32972, 54.633836 ], [ -93.32651, 54.662365 ] ] } },
{ "type": "Feature", "properties": { "name": "Red Sucker" }, "geometry": { "type": "LineString", "coordinates": [ [ -93.672241, 54.372631 ], [ -93.676808, 54.364352 ], [ -93.670519, 54.351048 ], [ -93.67808, 54.319363 ], [ -93.60114, 54.319515 ], [ -93.617109, 54.286359 ], [ -93.595273, 54.249717 ], [ -93.638854, 54.184114 ] ] } },
{ "type": "Feature", "properties": { "name": "Echoing" }, "geometry": { "type": "LineString", "coordinates": [ [ -91.856793092622809, 54.927908474246223 ], [ -91.867891, 54.954725 ], [ -91.868637, 54.984167 ], [ -91.847353, 55.020013 ], [ -91.837747, 55.054454 ], [ -91.810266, 55.079302 ], [ -91.733023, 55.124482 ], [ -91.716801, 55.142379 ], [ -91.706577, 55.175947 ], [ -91.693199, 55.181678 ], [ -91.683943, 55.194559 ], [ -91.688638, 55.211384 ], [ -91.682946, 55.229161 ], [ -91.625602, 55.240222 ], [ -91.53299, 55.2406 ], [ -91.511638, 55.252154 ], [ -91.489149, 55.292163 ], [ -91.48268, 55.336279 ], [ -91.443944, 55.36442 ], [ -91.442737, 55.433577 ], [ -91.43503, 55.465923 ], [ -91.381147, 55.512159 ], [ -91.372385, 55.528702 ], [ -91.374696, 55.551188 ], [ -91.434815, 55.57712 ], [ -91.448324, 55.60932 ], [ -91.519326, 55.61788 ], [ -91.559649, 55.636925 ], [ -91.621386, 55.651551 ], [ -91.648998, 55.652299 ], [ -91.715184, 55.63817 ], [ -91.724534, 55.645301 ], [ -91.687361, 55.697039 ], [ -91.612596, 55.747495 ], [ -91.613579, 55.777079 ], [ -91.636339, 55.79017 ], [ -91.801674, 55.824384 ], [ -91.958352, 55.830698 ], [ -92.085742, 55.842371 ], [ -92.122803, 55.853217 ] ] } },
{ "type": "Feature", "properties": { "name": null }, "geometry": { "type": "MultiLineString", "coordinates": [ [ [ -94.837296, 54.343282 ], [ -94.807465, 54.362865 ], [ -94.788006, 54.38692 ] ], [ [ -94.09187, 54.871058 ], [ -94.09187, 54.871059 ] ] ] } },
{ "type": "Feature", "properties": { "name": null }, "geometry": { "type": "LineString", "coordinates": [ [ -94.754231, 53.998493 ], [ -94.644974, 54.072858 ], [ -94.632153, 54.088463 ], [ -94.622346, 54.128313 ], [ -94.583838, 54.172094 ], [ -94.574302, 54.194249 ], [ -94.569276, 54.238822 ], [ -94.584421, 54.248024 ], [ -94.620454, 54.248327 ] ] } },
{ "type": "Feature", "properties": { "name": "Stevenson" }, "geometry": { "type": "LineString", "coordinates": [ [ -95.206853, 54.147961 ], [ -95.206795, 54.135984 ], [ -95.218218, 54.11615 ], [ -95.278457, 54.099034 ], [ -95.295519, 54.085872 ], [ -95.31108, 54.055567 ], [ -95.377332, 54.021949 ], [ -95.356356, 54.013335 ], [ -95.307019, 54.022525 ], [ -95.298622, 54.015708 ], [ -95.305171, 54.000255 ], [ -95.351856, 53.977117 ], [ -95.364079, 53.963846 ], [ -95.434925, 53.959533 ], [ -95.484745, 53.934069 ], [ -95.57929, 53.920869 ] ] } },
{ "type": "Feature", "properties": { "name": "Mainland" }, "geometry": { "type": "LineString", "coordinates": [ [ -95.5832, 53.73953 ], [ -95.522104, 53.736201 ], [ -95.461545, 53.746732 ], [ -95.439364, 53.791671 ], [ -95.398985, 53.818837 ], [ -95.384737, 53.839434 ], [ -95.331361, 53.861753 ], [ -95.301547, 53.914628 ], [ -95.282127, 53.932857 ], [ -95.255009, 53.94405 ], [ -95.231559, 53.917597 ], [ -95.17208, 53.911499 ], [ -95.146768, 53.916446 ], [ -95.129749, 53.927244 ], [ -95.082882, 53.93488 ], [ -95.037988, 53.975453 ], [ -94.994535, 53.987644 ], [ -94.963008, 53.987639 ], [ -94.935656, 53.977882 ], [ -94.911657, 53.951194 ] ] } },
{ "type": "Feature", "properties": { "name": null }, "geometry": { "type": "LineString", "coordinates": [ [ -95.214746, 54.487126 ], [ -95.206907, 54.498583 ], [ -95.188068, 54.506514 ], [ -95.123658, 54.501252 ], [ -95.054048, 54.463282 ], [ -94.988584, 54.476792 ], [ -94.843939, 54.47747 ], [ -94.803744, 54.512099 ], [ -94.781498, 54.521072 ], [ -94.742296, 54.503825 ] ] } },
{ "type": "Feature", "properties": { "name": "Semmens" }, "geometry": { "type": "LineString", "coordinates": [ [ -93.700597, 55.129461 ], [ -93.758268, 55.127272 ], [ -93.827032, 55.098259 ], [ -93.861489, 55.092498 ], [ -93.939721, 55.104589 ], [ -93.960241, 55.103123 ], [ -93.97985, 55.092756 ], [ -94.04963, 55.09953 ], [ -94.086511, 55.089808 ] ] } },
{ "type": "Feature", "properties": { "name": "Lawford" }, "geometry": { "type": "LineString", "coordinates": [ [ -96.568235, 54.503852 ], [ -96.467525, 54.526599 ], [ -96.447735, 54.52591 ], [ -96.395852, 54.512575 ], [ -96.343416, 54.48957 ], [ -96.272618, 54.501056 ], [ -96.174948, 54.544361 ], [ -96.11352, 54.556378 ], [ -96.030773, 54.585542 ], [ -95.97584, 54.58299 ] ] } },
{ "type": "Feature", "properties": { "name": "Utik" }, "geometry": { "type": "LineString", "coordinates": [ [ -95.344089, 55.526294 ], [ -95.3857, 55.523271 ], [ -95.47745, 55.496786 ], [ -95.510942, 55.495391 ], [ -95.625823, 55.46603 ], [ -95.678753, 55.460738 ], [ -95.680913, 55.450659 ], [ -95.656875, 55.440612 ], [ -95.609318, 55.436655 ], [ -95.615016, 55.426338 ], [ -95.643025, 55.411587 ], [ -95.684385, 55.400032 ] ] } },
{ "type": "Feature", "properties": { "name": "Bigstone" }, "geometry": { "type": "LineString", "coordinates": [ [ -94.591592, 55.901083 ], [ -94.681712, 55.859107 ], [ -94.715556, 55.820821 ], [ -94.744498, 55.80535 ], [ -94.76355, 55.77369 ], [ -94.785236, 55.756901 ], [ -94.800815, 55.721143 ], [ -94.895283, 55.691438 ], [ -94.993419, 55.684796 ], [ -94.994902, 55.678834 ], [ -94.969322, 55.674418 ], [ -94.95571, 55.663452 ], [ -94.947984, 55.64903 ], [ -94.954786, 55.639975 ], [ -95.006528, 55.641474 ], [ -95.102683, 55.624924 ], [ -95.154556, 55.594779 ], [ -95.309751, 55.547555 ], [ -95.374197, 55.503611 ], [ -95.363965, 55.469028 ], [ -95.376131, 55.448482 ], [ -95.381836, 55.417231 ], [ -95.408974, 55.386931 ], [ -95.4703, 55.362916 ], [ -95.509274, 55.334748 ], [ -95.592159, 55.291515 ], [ -95.647825, 55.27467 ], [ -95.65778, 55.26302 ], [ -95.655806, 55.247775 ], [ -95.666916, 55.223647 ], [ -95.74389, 55.176464 ], [ -95.801336, 55.159485 ] ] } },
{ "type": "Feature", "properties": { "name": "Dafoe" }, "geometry": { "type": "LineString", "coordinates": [ [ -96.122136, 55.759035 ], [ -95.961723, 55.799062 ], [ -95.522609, 55.861259 ], [ -95.491981, 55.86051 ], [ -95.453598, 55.873085 ], [ -95.418097, 55.873598 ], [ -95.375936, 55.884656 ], [ -95.283483, 55.883334 ], [ -95.268376, 55.874831 ], [ -95.268339, 55.863137 ], [ -95.251055, 55.857656 ], [ -95.187302, 55.860597 ], [ -95.140475, 55.855669 ], [ -95.091241, 55.870464 ], [ -95.016607, 55.865201 ], [ -94.981568, 55.870564 ], [ -94.931214, 55.88849 ], [ -94.8703, 55.893657 ], [ -94.789487, 55.927634 ], [ -94.683184, 55.938272 ], [ -94.639786, 55.910236 ], [ -94.618308, 55.901784 ], [ -94.591592, 55.901083 ] ] } },
{ "type": "Feature", "properties": { "name": "Fox" }, "geometry": { "type": "LineString", "coordinates": [ [ -94.591592, 55.901083 ], [ -94.52492, 55.912252 ], [ -94.488082, 55.904326 ], [ -94.459971, 55.871256 ], [ -94.253154, 55.813018 ], [ -94.199229, 55.822759 ], [ -94.132325, 55.817425 ], [ -94.122507, 55.830703 ], [ -94.036753, 55.880247 ], [ -93.984195, 55.923726 ], [ -93.959746, 55.934144 ], [ -93.778781, 55.919432 ], [ -93.747693, 55.929954 ], [ -93.729952, 55.946745 ], [ -93.699774, 55.960203 ], [ -93.581978, 55.978295 ], [ -93.417195, 55.993507 ], [ -93.314235, 56.041445 ], [ -93.298782, 56.05887 ] ] } },
{ "type": "Feature", "properties": { "name": "Hayes" }, "geometry": { "type": "MultiLineString", "coordinates": [ [ [ -96.69096, 54.33414 ], [ -96.667953, 54.366567 ], [ -96.653458, 54.372608 ], [ -96.504934, 54.383286 ], [ -96.401364, 54.37729 ], [ -96.332157, 54.385685 ], [ -96.312854, 54.395295 ], [ -96.30386, 54.428994 ], [ -96.246412, 54.444674 ], [ -96.209396, 54.470242 ], [ -96.179945, 54.481888 ], [ -96.160714, 54.501633 ], [ -96.064026, 54.534322 ], [ -96.007195, 54.576216 ], [ -95.945573, 54.585457 ], [ -95.925725, 54.6137 ], [ -95.906867, 54.621551 ], [ -95.838802, 54.629391 ], [ -95.795052, 54.646754 ], [ -95.781551, 54.658396 ], [ -95.787761, 54.675823 ], [ -95.831994, 54.71894 ], [ -95.834841, 54.734263 ] ], [ [ -95.277293, 54.951315 ], [ -95.246758, 54.933969 ], [ -95.246093, 54.896253 ], [ -95.238328, 54.883424 ], [ -95.219854, 54.872612 ], [ -95.161001, 54.870374 ], [ -95.095728, 54.852489 ] ] ] } },
{ "type": "Feature", "properties": { "name": "Hayes" }, "geometry": { "type": "LineString", "coordinates": [ [ -92.829003, 56.390315 ], [ -92.863952, 56.384097 ], [ -92.883973, 56.371948 ], [ -92.900767, 56.351757 ], [ -92.906288, 56.32271 ], [ -92.999588, 56.262765 ], [ -93.017054, 56.242549 ], [ -93.022444, 56.196373 ], [ -93.040593, 56.181207 ], [ -93.112615, 56.139743 ], [ -93.207184, 56.109779 ], [ -93.279491, 56.079007 ], [ -93.296327, 56.0661 ], [ -93.275044, 56.005488 ], [ -93.25681, 55.975397 ], [ -93.256848, 55.907924 ], [ -93.301316, 55.86718 ], [ -93.324062, 55.817991 ], [ -93.31642, 55.801987 ], [ -93.321271, 55.784002 ], [ -93.357242, 55.745188 ], [ -93.429227, 55.697175 ], [ -93.506, 55.668685 ], [ -93.651597, 55.587547 ], [ -93.673032, 55.556472 ], [ -93.687306, 55.497545 ], [ -93.715698, 55.469217 ], [ -93.819286, 55.422706 ], [ -93.865958, 55.392191 ], [ -93.912336, 55.38577 ], [ -93.937441, 55.355826 ], [ -94.054783, 55.303842 ], [ -94.126545, 55.255242 ], [ -94.167931, 55.242294 ], [ -94.189599, 55.225577 ], [ -94.304578, 55.207196 ] ] } },
{ "type": "Feature", "properties": { "name": "William" }, "geometry": { "type": "LineString", "coordinates": [ [ -99.294692, 53.927736 ], [ -99.278879, 53.926724 ], [ -99.244924, 53.908148 ], [ -99.21835, 53.905412 ], [ -99.204295, 53.920495 ], [ -99.172281, 53.981086 ], [ -99.083223, 54.021897 ], [ -99.04961, 54.025458 ], [ -99.023999, 54.012188 ], [ -98.993, 53.980455 ], [ -98.963657, 53.92887 ], [ -98.968287, 53.911352 ], [ -98.961204, 53.895705 ], [ -98.927488, 53.87725 ] ] } },
{ "type": "Feature", "properties": { "name": null }, "geometry": { "type": "MultiLineString", "coordinates": [ [ [ -99.673762, 51.874078 ], [ -99.656045, 51.903112 ], [ -99.656124, 51.925171 ], [ -99.635249, 51.986669 ] ], [ [ -99.561019, 51.907913 ], [ -99.563279, 51.875806 ], [ -99.544688, 51.78227 ], [ -99.546394, 51.752554 ], [ -99.534149, 51.735552 ] ], [ [ -98.731368, 51.587162 ], [ -98.656767, 51.633506 ], [ -98.582255, 51.608097 ] ] ] } },
{ "type": "Feature", "properties": { "name": "Mossy" }, "geometry": { "type": "LineString", "coordinates": [ [ -99.964393, 51.435151 ], [ -99.993322, 51.448732 ], [ -100.004947, 51.464641 ], [ -100.003567, 51.523354 ], [ -99.972676, 51.587263 ], [ -99.902867, 51.667893 ] ] } },
{ "type": "Feature", "properties": { "name": "Dauphin" }, "geometry": { "type": "LineString", "coordinates": [ [ -98.325785, 51.841042 ], [ -98.334007, 51.850482 ], [ -98.333703, 51.865361 ], [ -98.321668, 51.917663 ], [ -98.333684, 51.934259 ], [ -98.339957, 51.991398 ], [ -98.328246, 51.99263 ], [ -98.301597, 51.979636 ], [ -98.23863, 51.979148 ], [ -98.125362, 51.936567 ], [ -98.096734, 51.936709 ], [ -98.041207, 51.963624 ] ] } },
{ "type": "Feature", "properties": { "name": null }, "geometry": { "type": "LineString", "coordinates": [ [ -99.377089, 52.565874 ], [ -99.424439, 52.572099 ], [ -99.451014, 52.592943 ], [ -99.478946, 52.593734 ], [ -99.507499, 52.621738 ], [ -99.536917, 52.627037 ], [ -99.558207, 52.619256 ], [ -99.57381, 52.602771 ], [ -99.59644, 52.596139 ], [ -99.672794, 52.598094 ] ] } },
{ "type": "Feature", "properties": { "name": "Overflowing" }, "geometry": { "type": "LineString", "coordinates": [ [ -101.802565665380257, 53.151045440042083 ], [ -101.780914, 53.1579 ], [ -101.733099, 53.159074 ], [ -101.714537, 53.16909 ], [ -101.700527, 53.180955 ], [ -101.697426, 53.194626 ], [ -101.705224, 53.210156 ], [ -101.698119, 53.225909 ], [ -101.675314, 53.233994 ], [ -101.572186, 53.22781 ], [ -101.525117, 53.240221 ], [ -101.481166, 53.242312 ], [ -101.41856, 53.263262 ], [ -101.387761, 53.267077 ], [ -101.326591, 53.252839 ], [ -101.29439, 53.264306 ], [ -101.26694, 53.258195 ], [ -101.255192, 53.239936 ], [ -101.250228, 53.220545 ], [ -101.261984, 53.195898 ], [ -101.241418, 53.18053 ], [ -101.138411, 53.157615 ], [ -101.082804, 53.12514 ] ] } },
{ "type": "Feature", "properties": { "name": "Red Deer" }, "geometry": { "type": "LineString", "coordinates": [ [ -101.523351, 52.927513 ], [ -101.532136, 52.951336 ], [ -101.553336, 52.960327 ], [ -101.61903, 52.967052 ], [ -101.673576, 52.986539 ], [ -101.733595, 52.976202 ], [ -101.786286765557833, 52.976580754607994 ] ] } },
{ "type": "Feature", "properties": { "name": "Red Deer" }, "geometry": { "type": "LineString", "coordinates": [ [ -101.015757, 52.886488 ], [ -101.066384, 52.866255 ], [ -101.117973, 52.862779 ], [ -101.161038, 52.880003 ], [ -101.213734, 52.886292 ] ] } },
{ "type": "Feature", "properties": { "name": "Swan" }, "geometry": { "type": "LineString", "coordinates": [ [ -100.758738, 52.629962 ], [ -100.702877, 52.686936 ], [ -100.69899, 52.706832 ], [ -100.673556, 52.754583 ] ] } },
{ "type": "Feature", "properties": { "name": "Swan" }, "geometry": { "type": "LineString", "coordinates": [ [ -101.687597828932567, 51.918908892751006 ], [ -101.612992, 51.942643 ], [ -101.576565, 51.961109 ], [ -101.544492, 51.963572 ], [ -101.495159, 51.985819 ], [ -101.496194, 52.024871 ], [ -101.480509, 52.038413 ], [ -101.439924, 52.041929 ], [ -101.403383, 52.062174 ], [ -101.376446, 52.060086 ], [ -101.349242, 52.069311 ], [ -101.310093, 52.087768 ], [ -101.277985, 52.113546 ], [ -101.220665, 52.137415 ], [ -101.112805, 52.15931 ], [ -101.061261, 52.193728 ], [ -101.008809, 52.20948 ], [ -100.960327, 52.261659 ], [ -100.94939, 52.31457 ], [ -100.920544, 52.353185 ], [ -100.878724, 52.377772 ], [ -100.820687, 52.394152 ], [ -100.797631, 52.406859 ], [ -100.781098, 52.436867 ] ] } },
{ "type": "Feature", "properties": { "name": null }, "geometry": { "type": "LineString", "coordinates": [ [ -97.640171, 55.45964 ], [ -97.621943, 55.491972 ], [ -97.627343, 55.504671 ], [ -97.653259, 55.515563 ] ] } },
{ "type": "Feature", "properties": { "name": "Grass" }, "geometry": { "type": "LineString", "coordinates": [ [ -97.776431, 55.596605 ], [ -97.730021, 55.616946 ], [ -97.695529, 55.591266 ], [ -97.59926, 55.574701 ] ] } },
{ "type": "Feature", "properties": { "name": "Grass" }, "geometry": { "type": "LineString", "coordinates": [ [ -98.46249, 55.14363 ], [ -98.434494, 55.15049 ], [ -98.406652, 55.168963 ], [ -98.383022, 55.19803 ], [ -98.30584, 55.261854 ], [ -98.271589, 55.257332 ], [ -98.137555, 55.32805 ], [ -98.09212, 55.330879 ], [ -98.053638, 55.35576 ], [ -98.035204, 55.382742 ], [ -97.978089, 55.414507 ] ] } },
{ "type": "Feature", "properties": { "name": "Grass" }, "geometry": { "type": "LineString", "coordinates": [ [ -98.730772, 54.925541 ], [ -98.808084, 54.900344 ], [ -98.872096, 54.902551 ], [ -98.919244, 54.868644 ], [ -98.966757, 54.818373 ], [ -99.046893, 54.784888 ], [ -99.156239, 54.784812 ], [ -99.242108, 54.805283 ], [ -99.297429, 54.845078 ], [ -99.292752, 54.876442 ], [ -99.307493, 54.89136 ], [ -99.33131, 54.898266 ], [ -99.397627, 54.894869 ], [ -99.45868, 54.875046 ], [ -99.471153, 54.883433 ], [ -99.46182, 54.942266 ], [ -99.495411, 54.95052 ], [ -99.491694, 54.967967 ], [ -99.501739, 54.976113 ], [ -99.553492, 54.976625 ], [ -99.61604, 54.924863 ], [ -99.679404, 54.89268 ] ] } },
{ "type": "Feature", "properties": { "name": "Grass" }, "geometry": { "type": "LineString", "coordinates": [ [ -100.286219, 54.652509 ], [ -100.277116, 54.65296 ], [ -100.257764, 54.624149 ], [ -100.236721, 54.622232 ], [ -100.174639, 54.640756 ], [ -100.026598, 54.75264 ], [ -99.962532, 54.789542 ] ] } },
{ "type": "Feature", "properties": { "name": "Grass" }, "geometry": { "type": "MultiLineString", "coordinates": [ [ [ -101.179149, 54.603248 ], [ -101.179148, 54.60325 ] ], [ [ -101.179148, 54.60325 ], [ -101.169343, 54.635564 ], [ -101.155548, 54.654601 ], [ -100.975068, 54.727063 ], [ -100.914346, 54.774522 ], [ -100.907754, 54.766165 ], [ -100.957813, 54.705814 ], [ -100.920159, 54.678499 ], [ -100.90137, 54.64579 ], [ -100.881749, 54.634804 ], [ -100.818195, 54.623771 ], [ -100.808519, 54.609059 ], [ -100.791407, 54.59841 ], [ -100.63582, 54.617895 ] ] ] } },
{ "type": "Feature", "properties": { "name": "Grass" }, "geometry": { "type": "LineString", "coordinates": [ [ -96.554552, 56.064806 ], [ -96.622876, 56.044688 ], [ -96.814455, 56.018677 ], [ -96.822127, 56.007811 ], [ -96.824961, 55.968419 ], [ -96.840474, 55.93752 ], [ -96.837817, 55.903755 ], [ -96.85193, 55.890938 ], [ -96.86631, 55.831795 ], [ -96.878165, 55.817464 ], [ -96.955693, 55.811542 ], [ -96.985145, 55.773781 ], [ -96.976653, 55.758177 ], [ -96.985566, 55.745034 ], [ -97.024316, 55.729532 ] ] } },
{ "type": "Feature", "properties": { "name": "Hargrave" }, "geometry": { "type": "LineString", "coordinates": [ [ -98.10637, 54.56401 ], [ -98.170161, 54.538943 ], [ -98.198371, 54.536315 ], [ -98.269298, 54.548602 ], [ -98.4091, 54.524726 ], [ -98.454755, 54.531453 ], [ -98.53906, 54.522797 ], [ -98.649091, 54.470902 ], [ -98.738652, 54.440865 ], [ -98.799132, 54.398663 ], [ -98.973039, 54.366808 ], [ -99.040143, 54.375717 ], [ -99.064884, 54.385077 ], [ -99.078171, 54.397118 ], [ -99.08268, 54.410627 ], [ -99.078418, 54.425659 ], [ -99.13681, 54.452035 ], [ -99.209843, 54.512345 ], [ -99.244171, 54.518083 ], [ -99.326495, 54.505018 ], [ -99.401188, 54.502238 ], [ -99.503829, 54.481819 ], [ -99.579225, 54.496427 ] ] } },
{ "type": "Feature", "properties": { "name": null }, "geometry": { "type": "LineString", "coordinates": [ [ -101.434774, 54.057195 ], [ -101.485117, 54.058715 ], [ -101.526128, 54.076232 ], [ -101.559942, 54.082374 ] ] } },
{ "type": "Feature", "properties": { "name": null }, "geometry": { "type": "LineString", "coordinates": [ [ -101.356958, 53.974133 ], [ -101.369365, 54.008102 ] ] } },
{ "type": "Feature", "properties": { "name": null }, "geometry": { "type": "LineString", "coordinates": [ [ -101.391991, 53.945509 ], [ -101.433093, 53.94469 ] ] } },
{ "type": "Feature", "properties": { "name": "Black Duck" }, "geometry": { "type": "MultiLineString", "coordinates": [ [ [ -90.025066, 56.149545 ], [ -89.993801, 56.162653 ], [ -89.975947, 56.192535 ], [ -89.925438, 56.208324 ], [ -89.896396275506319, 56.208250767169886 ] ], [ [ -89.423648234184355, 56.500148232756509 ], [ -89.424159, 56.509756 ], [ -89.403131, 56.543444 ], [ -89.381246, 56.551568 ], [ -89.332883879972002, 56.556190527265251 ] ], [ [ -89.288153933618247, 56.583808955762549 ], [ -89.280912, 56.610531 ], [ -89.268889, 56.623778 ], [ -89.277132, 56.652828 ], [ -89.245777, 56.675834 ], [ -89.21403, 56.71504 ], [ -89.201964, 56.762671 ], [ -89.153402, 56.783435 ], [ -89.081486, 56.792806 ], [ -89.036245, 56.842473 ] ] ] } },
{ "type": "Feature", "properties": { "name": "Kaskattama" }, "geometry": { "type": "LineString", "coordinates": [ [ -91.296963, 56.305978 ], [ -91.260974, 56.319091 ], [ -91.163211, 56.33234 ], [ -91.150014, 56.355761 ], [ -91.091431, 56.403868 ], [ -91.070379, 56.412057 ], [ -90.955147, 56.414699 ], [ -90.850639, 56.443334 ], [ -90.80093, 56.44874 ], [ -90.780826, 56.477918 ], [ -90.638797, 56.55252 ], [ -90.594463, 56.605576 ], [ -90.604839, 56.624453 ], [ -90.602817, 56.647003 ], [ -90.590573, 56.668168 ], [ -90.571609, 56.677798 ], [ -90.515765, 56.679142 ], [ -90.457624, 56.707649 ], [ -90.44519, 56.723188 ], [ -90.406285, 56.747292 ], [ -90.386827, 56.766465 ], [ -90.379627, 56.800744 ], [ -90.323854, 56.827634 ], [ -90.278158, 56.878997 ], [ -90.254068, 56.88969 ], [ -90.232469, 56.916758 ], [ -90.218037, 56.954048 ], [ -90.168926, 57.007151 ], [ -90.121364, 57.027843 ], [ -90.045609, 57.047896 ] ] } },
{ "type": "Feature", "properties": { "name": "Machichi" }, "geometry": { "type": "LineString", "coordinates": [ [ -92.112456, 57.044136 ], [ -92.140018, 56.992939 ], [ -92.142253, 56.973881 ], [ -92.083874, 56.877423 ], [ -92.052805, 56.850409 ], [ -91.989955, 56.812127 ], [ -91.933529, 56.802485 ], [ -91.883131, 56.783077 ], [ -91.802187, 56.732469 ], [ -91.803366, 56.716169 ], [ -91.788021, 56.70227 ], [ -91.73621, 56.676864 ], [ -91.722413, 56.593033 ], [ -91.702542, 56.57895 ], [ -91.652282, 56.565189 ], [ -91.607846, 56.533452 ], [ -91.600595, 56.479277 ], [ -91.611687, 56.462266 ], [ -91.609693, 56.446519 ], [ -91.585579, 56.400111 ], [ -91.568311, 56.382874 ], [ -91.543114, 56.369808 ], [ -91.4606, 56.366216 ], [ -91.429013, 56.359151 ], [ -91.408316, 56.347126 ], [ -91.398439, 56.330108 ], [ -91.401558, 56.31584 ], [ -91.417675, 56.304266 ] ] } },
{ "type": "Feature", "properties": { "name": "Sturgeon-Weir" }, "geometry": { "type": "LineString", "coordinates": [ [ -101.462486, 54.504122 ], [ -101.4541, 54.556476 ] ] } },
{ "type": "Feature", "properties": { "name": "Sturgeon-Weir" }, "geometry": { "type": "LineString", "coordinates": [ [ -101.680908, 54.407931 ], [ -101.724401, 54.353566 ], [ -101.759173, 54.332061 ], [ -101.805743, 54.316145 ], [ -101.911454387469362, 54.318030731053213 ] ] } },
{ "type": "Feature", "properties": { "name": "Limestone" }, "geometry": { "type": "LineString", "coordinates": [ [ -94.077056, 56.524197 ], [ -94.177189, 56.517016 ], [ -94.247659, 56.524287 ], [ -94.320487, 56.554871 ], [ -94.328541, 56.567776 ], [ -94.389259, 56.612723 ], [ -94.417649, 56.623239 ], [ -94.496842, 56.627223 ], [ -94.521698, 56.622511 ], [ -94.604265, 56.632225 ], [ -94.629785, 56.641406 ], [ -94.657918, 56.635937 ], [ -94.710719, 56.601786 ], [ -94.835632, 56.599427 ], [ -94.874831, 56.610879 ], [ -94.979908, 56.621385 ], [ -95.031808, 56.594832 ], [ -95.08356, 56.595146 ], [ -95.153183, 56.575601 ], [ -95.24348, 56.566666 ], [ -95.331879, 56.591351 ], [ -95.344144, 56.603014 ], [ -95.346609, 56.619181 ], [ -95.366882, 56.627067 ], [ -95.431177, 56.629232 ], [ -95.499929, 56.622306 ], [ -95.536583, 56.629932 ], [ -95.558114, 56.641509 ], [ -95.565015, 56.65746 ], [ -95.579368, 56.665977 ], [ -95.661969, 56.661648 ], [ -95.731681, 56.675976 ], [ -95.785297, 56.665791 ], [ -95.806082, 56.652829 ], [ -95.823333, 56.625378 ], [ -95.858211, 56.605756 ] ] } },
{ "type": "Feature", "properties": { "name": "Little Churchill" }, "geometry": { "type": "LineString", "coordinates": [ [ -96.159472, 56.625876 ], [ -96.126833, 56.653618 ], [ -96.031365, 56.687783 ], [ -96.018834, 56.701399 ], [ -95.982822, 56.717445 ], [ -95.970427, 56.73253 ], [ -95.884247, 56.757918 ], [ -95.79634, 56.802992 ], [ -95.794138, 56.814134 ], [ -95.803135, 56.826024 ], [ -95.787542, 56.855123 ], [ -95.82958, 56.86367 ], [ -95.80926, 56.904404 ], [ -95.781181, 56.927789 ], [ -95.778085, 56.94487 ], [ -95.762813, 56.951792 ], [ -95.670077, 56.94001 ], [ -95.663718, 56.955641 ], [ -95.640506, 56.973012 ], [ -95.633649, 56.988357 ], [ -95.640062, 57.017627 ], [ -95.600129, 57.056657 ], [ -95.600921, 57.085068 ], [ -95.57509, 57.120723 ], [ -95.527799, 57.134166 ], [ -95.468373, 57.132107 ], [ -95.405171, 57.163639 ], [ -95.357482, 57.173597 ], [ -95.358516, 57.184336 ], [ -95.393199, 57.209211 ], [ -95.399443, 57.223148 ], [ -95.36157, 57.250352 ], [ -95.326994, 57.290953 ], [ -95.316283, 57.314357 ], [ -95.319427, 57.330975 ], [ -95.349631, 57.353578 ], [ -95.384947, 57.405275 ], [ -95.35011, 57.446311 ], [ -95.355284, 57.458721 ], [ -95.393836, 57.473568 ], [ -95.394544, 57.489172 ], [ -95.371409, 57.510812 ] ] } },
{ "type": "Feature", "properties": { "name": "Rat" }, "geometry": { "type": "LineString", "coordinates": [ [ -99.146215, 56.547743 ], [ -99.190543, 56.524475 ], [ -99.311084, 56.421327 ], [ -99.385765, 56.399528 ], [ -99.447586, 56.403211 ], [ -99.481313, 56.391333 ], [ -99.505896, 56.372942 ], [ -99.561225, 56.310734 ], [ -99.56227, 56.27153 ], [ -99.536861, 56.229593 ], [ -99.550642, 56.213744 ], [ -99.596601, 56.191326 ], [ -99.595864, 56.184956 ] ] } },
{ "type": "Feature", "properties": { "name": "Rat" }, "geometry": { "type": "LineString", "coordinates": [ [ -99.538094, 56.139477 ], [ -99.456444, 56.119666 ], [ -99.413985, 56.091815 ], [ -99.352696, 56.093167 ], [ -99.333632, 56.070954 ], [ -99.329784, 56.024809 ], [ -99.362019, 55.981116 ], [ -99.323734, 55.970024 ], [ -99.31757, 55.961459 ], [ -99.364693, 55.923101 ], [ -99.37478, 55.904387 ], [ -99.363587, 55.886788 ], [ -99.327017, 55.859719 ], [ -99.295006, 55.859848 ], [ -99.273008, 55.850621 ], [ -99.248909, 55.81341 ], [ -99.234173, 55.761881 ], [ -99.162408, 55.761326 ], [ -99.142739, 55.745753 ], [ -99.108571, 55.698241 ], [ -99.08615, 55.683881 ], [ -99.044475, 55.676448 ] ] } },
{ "type": "Feature", "properties": { "name": "Odei" }, "geometry": { "type": "LineString", "coordinates": [ [ -96.899378, 56.099599 ], [ -97.335288, 55.975188 ], [ -97.346908, 55.981328 ], [ -97.359265, 56.010583 ], [ -97.35598, 56.027299 ], [ -97.365463, 56.040421 ], [ -97.42119, 56.070238 ], [ -97.476584, 56.080492 ], [ -97.505988, 56.098469 ], [ -97.530436, 56.105066 ], [ -97.621286, 56.095513 ], [ -97.706587, 56.104533 ], [ -97.728118, 56.089818 ], [ -97.741983, 56.065086 ], [ -97.753547, 56.020676 ], [ -97.789706, 55.994606 ], [ -97.794128, 55.977297 ], [ -97.812667, 55.961856 ], [ -97.867914, 55.950867 ], [ -97.913663, 55.925317 ], [ -97.977165, 55.924363 ], [ -98.072139, 55.885262 ], [ -98.107762, 55.882047 ], [ -98.130049, 55.890537 ], [ -98.144031, 55.904388 ], [ -98.152329, 55.920438 ], [ -98.153793, 55.942733 ], [ -98.169776, 55.956922 ], [ -98.223304, 55.967973 ], [ -98.242881, 55.985104 ], [ -98.244338, 56.007671 ], [ -98.19947, 56.063114 ], [ -98.251093, 56.085312 ], [ -98.245475, 56.09784 ], [ -98.249444, 56.108727 ], [ -98.274221, 56.116483 ], [ -98.280641, 56.148973 ], [ -98.256199, 56.164828 ], [ -98.258842, 56.176616 ] ] } },
{ "type": "Feature", "properties": { "name": "Burntwood" }, "geometry": { "type": "LineString", "coordinates": [ [ -96.899378, 56.099599 ], [ -96.86804, 56.077979 ], [ -96.869342, 56.067185 ], [ -96.892285, 56.05961 ], [ -96.900977, 56.046818 ], [ -96.895437, 56.028777 ], [ -96.902987, 56.014228 ], [ -96.99199, 56.005517 ], [ -97.057215, 55.98121 ], [ -97.090628, 55.979438 ], [ -97.123826, 55.987862 ], [ -97.190122, 55.984328 ], [ -97.329337, 55.943161 ], [ -97.407595, 55.931123 ], [ -97.4383, 55.921189 ], [ -97.487936, 55.892279 ], [ -97.672249, 55.820686 ], [ -97.750997, 55.798621 ], [ -97.833485, 55.751978 ], [ -97.858623, 55.752532 ], [ -97.884401, 55.743515 ], [ -97.932798, 55.712463 ], [ -97.970691, 55.722044 ], [ -98.016752, 55.710953 ], [ -98.054318, 55.685558 ], [ -98.103313, 55.62383 ], [ -98.125098, 55.606461 ], [ -98.147907, 55.600423 ], [ -98.195437, 55.608996 ], [ -98.284499, 55.589377 ], [ -98.331263, 55.568197 ], [ -98.446314, 55.530867 ], [ -98.470951, 55.52764 ], [ -98.509988, 55.534802 ] ] } },
{ "type": "Feature", "properties": { "name": "Burntwood" }, "geometry": { "type": "LineString", "coordinates": [ [ -98.528987, 55.590157 ], [ -98.533051, 55.611975 ], [ -98.54757, 55.618632 ], [ -98.634383, 55.606112 ], [ -98.691747, 55.60895 ], [ -98.715229, 55.633158 ], [ -98.718466, 55.659872 ], [ -98.740258, 55.684777 ], [ -98.767754, 55.687487 ], [ -98.841337, 55.672322 ], [ -98.870029, 55.673586 ] ] } },
{ "type": "Feature", "properties": { "name": "Gauer" }, "geometry": { "type": "LineString", "coordinates": [ [ -97.601963, 57.315099 ], [ -97.615073, 57.330446 ], [ -97.605374, 57.346661 ], [ -97.577288, 57.359964 ], [ -97.555783, 57.394341 ] ] } },
{ "type": "Feature", "properties": { "name": "Gauer" }, "geometry": { "type": "MultiLineString", "coordinates": [ [ [ -97.496707, 57.203705 ], [ -97.48435, 57.184625 ], [ -97.527465, 57.135488 ], [ -97.607112, 57.125742 ] ], [ [ -98.060108, 56.894604 ], [ -98.087531, 56.873687 ], [ -98.139552, 56.857046 ], [ -98.153002, 56.844982 ], [ -98.18303, 56.794414 ], [ -98.22518, 56.754942 ], [ -98.233473, 56.73883 ], [ -98.277566, 56.706654 ], [ -98.266225, 56.689847 ], [ -98.126088, 56.674819 ], [ -98.092122, 56.664011 ], [ -98.036108, 56.626885 ] ] ] } },
{ "type": "Feature", "properties": { "name": "File" }, "geometry": { "type": "LineString", "coordinates": [ [ -100.378398, 54.905555 ], [ -100.374941, 54.949911 ], [ -100.460859, 54.945077 ], [ -100.507117, 54.955367 ], [ -100.50506, 54.989655 ], [ -100.515599, 55.007235 ], [ -100.561436, 55.041903 ], [ -100.582788, 55.074176 ], [ -100.578674, 55.087857 ], [ -100.563965, 55.096169 ], [ -100.538605, 55.099144 ], [ -100.518219, 55.109097 ], [ -100.480874, 55.100342 ], [ -100.468623, 55.111798 ], [ -100.472968, 55.127624 ], [ -100.49055, 55.140682 ], [ -100.50056, 55.179877 ], [ -100.523255, 55.205335 ], [ -100.512775, 55.222577 ], [ -100.483508, 55.241316 ], [ -100.467773, 55.299191 ], [ -100.453646, 55.318217 ], [ -100.419238, 55.331226 ] ] } },
{ "type": "Feature", "properties": { "name": "Burntwood" }, "geometry": { "type": "LineString", "coordinates": [ [ -100.174327, 55.39247 ], [ -100.108254, 55.400561 ], [ -100.088935, 55.444274 ], [ -100.058507, 55.474339 ], [ -100.002165, 55.499067 ], [ -99.987936, 55.512845 ], [ -99.981585, 55.530075 ], [ -99.962818, 55.545301 ], [ -99.899263, 55.569167 ], [ -99.859401, 55.552554 ], [ -99.804533, 55.557095 ], [ -99.777695, 55.548573 ], [ -99.720656, 55.559834 ], [ -99.65423, 55.501179 ], [ -99.597585, 55.481805 ], [ -99.541535, 55.487833 ], [ -99.477711, 55.476878 ], [ -99.383102, 55.486093 ], [ -99.34975, 55.513033 ], [ -99.303946, 55.502169 ], [ -99.241592, 55.509304 ], [ -99.222795, 55.493849 ], [ -99.213178, 55.475184 ], [ -99.142659, 55.451824 ], [ -99.111041, 55.449496 ], [ -99.074287, 55.4746 ], [ -99.042083, 55.534484 ], [ -99.036256, 55.557402 ], [ -99.050059, 55.620297 ], [ -99.040892, 55.640346 ], [ -98.973134, 55.664438 ] ] } },
{ "type": "Feature", "properties": { "name": null }, "geometry": { "type": "LineString", "coordinates": [ [ -102.030571513518453, 55.594636162174275 ], [ -101.997472, 55.587326 ], [ -101.996254, 55.578027 ], [ -102.014357, 55.568986 ], [ -102.018821, 55.548788 ], [ -102.026012842179412, 55.54577984081115 ] ] } },
{ "type": "Feature", "properties": { "name": "Kississing" }, "geometry": { "type": "LineString", "coordinates": [ [ -101.152635, 55.303774 ], [ -101.0908, 55.328976 ], [ -101.001537, 55.351145 ], [ -100.934184, 55.382087 ], [ -100.868427, 55.389711 ], [ -100.830767, 55.37992 ], [ -100.827484, 55.392236 ], [ -100.83462, 55.411947 ], [ -100.849421, 55.42185 ], [ -100.900342, 55.433476 ], [ -100.924172, 55.447286 ], [ -100.966326, 55.481348 ], [ -100.970217, 55.491654 ], [ -100.929598, 55.520352 ], [ -100.928704, 55.549309 ], [ -100.878962, 55.602538 ], [ -100.867116, 55.62072 ], [ -100.869644, 55.633705 ] ] } },
{ "type": "Feature", "properties": { "name": "Kississing" }, "geometry": { "type": "LineString", "coordinates": [ [ -100.928826, 55.70014 ], [ -100.912838, 55.66645 ] ] } },
{ "type": "Feature", "properties": { "name": "Loon" }, "geometry": { "type": "LineString", "coordinates": [ [ -101.96677, 55.90616 ], [ -101.95403, 55.917655 ], [ -101.884305, 55.950641 ], [ -101.874577, 55.963838 ], [ -101.851826, 56.055904 ], [ -101.837771, 56.077798 ] ] } },
{ "type": "Feature", "properties": { "name": null }, "geometry": { "type": "LineString", "coordinates": [ [ -100.312532, 56.479904 ], [ -100.366626, 56.508444 ], [ -100.380403, 56.523865 ], [ -100.379862, 56.538165 ], [ -100.327237, 56.593687 ], [ -100.3098, 56.597539 ] ] } },
{ "type": "Feature", "properties": { "name": "Keewatin" }, "geometry": { "type": "LineString", "coordinates": [ [ -101.23534, 57.066091 ], [ -101.331158, 57.061399 ] ] } },
{ "type": "Feature", "properties": { "name": "Keewatin" }, "geometry": { "type": "LineString", "coordinates": [ [ -100.997647, 56.951811 ], [ -100.986135, 56.943449 ], [ -100.952617, 56.884361 ], [ -100.911041, 56.844284 ], [ -100.848489, 56.801129 ], [ -100.813977, 56.791807 ], [ -100.784492, 56.75351 ], [ -100.74189, 56.73922 ], [ -100.728314, 56.726296 ], [ -100.691033, 56.709145 ], [ -100.688215, 56.67991 ], [ -100.660881, 56.655226 ], [ -100.645946, 56.609676 ], [ -100.645491, 56.585958 ], [ -100.65374, 56.568836 ], [ -100.665655, 56.55696 ], [ -100.788716, 56.504536 ], [ -100.811152, 56.489006 ], [ -100.824942, 56.456081 ], [ -100.804879, 56.447223 ], [ -100.758006, 56.444129 ], [ -100.723825, 56.43421 ], [ -100.680652, 56.400676 ], [ -100.676977, 56.380321 ], [ -100.68905, 56.360626 ], [ -100.680144, 56.351241 ] ] } },
{ "type": "Feature", "properties": { "name": "Laurie" }, "geometry": { "type": "LineString", "coordinates": [ [ -101.769118, 56.625169 ], [ -101.749478, 56.601567 ], [ -101.748638, 56.574745 ], [ -101.740251, 56.557667 ], [ -101.663101, 56.556497 ], [ -101.607166, 56.539777 ], [ -101.467061, 56.53856 ] ] } },
{ "type": "Feature", "properties": { "name": "Laurie" }, "geometry": { "type": "LineString", "coordinates": [ [ -101.307279, 56.5086 ], [ -101.264369, 56.506475 ], [ -101.211657, 56.527022 ], [ -101.19365, 56.525596 ], [ -101.183369, 56.481435 ], [ -101.178907, 56.419956 ], [ -101.190199, 56.366135 ], [ -101.207076, 56.337982 ], [ -101.213384, 56.310656 ], [ -101.203461, 56.304969 ], [ -101.156134, 56.324974 ], [ -101.132302, 56.322222 ], [ -101.136134, 56.306953 ], [ -101.149785, 56.291589 ], [ -101.106569, 56.249218 ], [ -101.065486, 56.225313 ], [ -101.040283, 56.216729 ], [ -101.017063, 56.217292 ], [ -100.992952, 56.229562 ], [ -100.974194, 56.224927 ], [ -100.968677, 56.207292 ], [ -100.923602, 56.216071 ], [ -100.888349, 56.205191 ], [ -100.852684, 56.207714 ], [ -100.786695, 56.22655 ], [ -100.757701, 56.223317 ], [ -100.721096, 56.204122 ], [ -100.708447, 56.20454 ], [ -100.687952, 56.222393 ] ] } },
{ "type": "Feature", "properties": { "name": "Hughes" }, "geometry": { "type": "MultiLineString", "coordinates": [ [ [ -99.734832, 56.758815 ], [ -99.787715, 56.762299 ], [ -99.87694, 56.756772 ], [ -99.952094, 56.764657 ], [ -100.008138, 56.746671 ], [ -100.125586, 56.762664 ], [ -100.150361, 56.760114 ], [ -100.189151, 56.737024 ], [ -100.230371, 56.728734 ] ], [ [ -100.230374, 56.728734 ], [ -100.299956, 56.727875 ], [ -100.310665, 56.73408 ], [ -100.301611, 56.749531 ], [ -100.399676, 56.807211 ], [ -100.479508, 56.837938 ], [ -100.533542, 56.837829 ], [ -100.545875, 56.87096 ], [ -100.621357, 56.898692 ], [ -100.654324, 56.895504 ], [ -100.668383, 56.909518 ], [ -100.706298, 56.922381 ], [ -100.713975, 56.945946 ], [ -100.71121, 56.968628 ], [ -100.731634, 56.998669 ], [ -100.720058, 57.037697 ], [ -100.721616, 57.055592 ], [ -100.750226, 57.079427 ], [ -100.763644, 57.103542 ], [ -100.781926, 57.115119 ], [ -100.810067, 57.115135 ], [ -100.824644, 57.126843 ], [ -100.818618, 57.146603 ], [ -100.829151, 57.162575 ], [ -100.882631, 57.164405 ], [ -100.903891, 57.175844 ], [ -100.914238, 57.196733 ], [ -100.926831, 57.205882 ] ] ] } },
{ "type": "Feature", "properties": { "name": "Barrington" }, "geometry": { "type": "LineString", "coordinates": [ [ -100.161703, 56.8613 ], [ -100.138798, 56.837728 ], [ -100.089421, 56.818059 ], [ -100.034869, 56.780023 ], [ -100.008138, 56.746671 ] ] } },
{ "type": "Feature", "properties": { "name": "South Knife" }, "geometry": { "type": "LineString", "coordinates": [ [ -96.360723, 58.217835 ], [ -96.31257, 58.26236 ], [ -96.229369, 58.303889 ], [ -96.143077, 58.304104 ], [ -96.06308, 58.319938 ], [ -95.946089, 58.360012 ], [ -95.900145, 58.39454 ], [ -95.866403, 58.438457 ], [ -95.833374, 58.450626 ], [ -95.656075, 58.466267 ], [ -95.611305, 58.484705 ], [ -95.588745, 58.48682 ], [ -95.466055, 58.465761 ], [ -95.367616, 58.436086 ], [ -95.317449, 58.434809 ], [ -95.284323, 58.461493 ], [ -95.260902, 58.468322 ], [ -95.144184, 58.47671 ], [ -95.074255, 58.488679 ], [ -95.019212, 58.509611 ], [ -94.985203, 58.516078 ], [ -94.921865, 58.516154 ], [ -94.814873, 58.540515 ], [ -94.801864, 58.553436 ], [ -94.79874, 58.570773 ], [ -94.830184, 58.593713 ], [ -94.828588, 58.611794 ], [ -94.787652, 58.657945 ], [ -94.794129, 58.692262 ], [ -94.77702, 58.705496 ], [ -94.756669, 58.787552 ], [ -94.762537, 58.812304 ], [ -94.74596, 58.833156 ] ] } },
{ "type": "Feature", "properties": { "name": "South Knife" }, "geometry": { "type": "LineString", "coordinates": [ [ -96.716186, 57.896465 ], [ -96.709872, 57.920518 ], [ -96.715593, 57.93422 ], [ -96.73127, 57.945634 ], [ -96.729503, 57.959411 ], [ -96.710581, 57.989598 ], [ -96.655072, 58.045368 ], [ -96.589191, 58.080823 ], [ -96.565919, 58.111368 ], [ -96.560753, 58.138345 ] ] } },
{ "type": "Feature", "properties": { "name": "North Knife" }, "geometry": { "type": "LineString", "coordinates": [ [ -96.991567, 58.28492 ], [ -96.954403, 58.335538 ], [ -96.900831, 58.346829 ], [ -96.876707, 58.360852 ], [ -96.821556, 58.426573 ], [ -96.797105, 58.480762 ], [ -96.800413, 58.497025 ], [ -96.790659, 58.511467 ], [ -96.755703, 58.517412 ], [ -96.668448, 58.516275 ], [ -96.591601, 58.525955 ], [ -96.568204, 58.516436 ], [ -96.556745, 58.50068 ], [ -96.535093, 58.490215 ], [ -96.480018, 58.505565 ], [ -96.379328, 58.507563 ], [ -96.355351, 58.513495 ], [ -96.334507, 58.530949 ], [ -96.308098, 58.586629 ], [ -96.284795, 58.595605 ], [ -96.181057, 58.595807 ], [ -96.023832, 58.576939 ], [ -95.966609, 58.5582 ], [ -95.797927, 58.565509 ], [ -95.53292, 58.554495 ], [ -95.392607, 58.54461 ], [ -95.366763, 58.537224 ], [ -95.340308, 58.53754 ], [ -95.30861, 58.555848 ], [ -95.222007, 58.55455 ], [ -95.20142, 58.564686 ], [ -95.199593, 58.579184 ], [ -95.183444, 58.587816 ], [ -95.101052, 58.600019 ], [ -95.034998, 58.622518 ], [ -94.957684, 58.676368 ], [ -94.959524, 58.690986 ], [ -94.975916, 58.715653 ], [ -94.992475, 58.789117 ], [ -95.005914, 58.802894 ], [ -95.009335, 58.818878 ], [ -94.999736, 58.855003 ], [ -95.00934, 58.882767 ], [ -94.977731, 58.894405 ], [ -94.927782, 58.894982 ], [ -94.816172, 58.878464 ], [ -94.735098, 58.877837 ] ] } },
{ "type": "Feature", "properties": { "name": "Little Beaver" }, "geometry": { "type": "LineString", "coordinates": [ [ -96.794227, 57.632333 ], [ -96.795126, 57.626168 ], [ -96.815343, 57.616826 ], [ -96.812888, 57.595679 ], [ -96.759347, 57.546769 ], [ -96.625212, 57.545489 ], [ -96.59782, 57.532416 ], [ -96.552913, 57.48814 ], [ -96.478326, 57.460557 ], [ -96.408958, 57.454851 ], [ -96.347161, 57.440911 ], [ -96.318825, 57.443073 ], [ -96.161301, 57.410044 ], [ -96.111067, 57.419901 ], [ -96.097172, 57.45572 ], [ -96.097406, 57.471597 ], [ -96.107686, 57.485808 ], [ -96.057679, 57.512089 ], [ -96.067218, 57.540055 ], [ -96.061703, 57.557067 ], [ -96.070876, 57.593186 ], [ -96.066715, 57.61082 ], [ -95.957821, 57.658185 ], [ -95.928251, 57.662176 ], [ -95.8564, 57.652623 ], [ -95.817062, 57.658669 ], [ -95.658545, 57.660127 ], [ -95.633261, 57.665697 ], [ -95.551177, 57.69414 ], [ -95.528679, 57.731372 ], [ -95.472076, 57.758083 ] ] } },
{ "type": "Feature", "properties": { "name": "Owl" }, "geometry": { "type": "LineString", "coordinates": [ [ -92.785795, 57.839425 ], [ -92.831962, 57.827696 ], [ -92.940114, 57.82329 ], [ -93.015066, 57.800205 ], [ -93.151138, 57.790682 ], [ -93.217977, 57.740864 ], [ -93.24576, 57.72945 ], [ -93.299351, 57.722039 ], [ -93.373133, 57.692297 ], [ -93.39277, 57.648124 ], [ -93.413698, 57.636035 ], [ -93.501874, 57.605858 ], [ -93.564008, 57.596151 ], [ -93.74425, 57.516469 ], [ -93.795244, 57.514236 ], [ -93.835693, 57.484343 ], [ -93.897411, 57.457572 ], [ -93.947523, 57.425605 ], [ -93.996886, 57.413557 ] ] } },
{ "type": "Feature", "properties": { "name": "Deer" }, "geometry": { "type": "LineString", "coordinates": [ [ -94.237943, 58.391668 ], [ -94.209566, 58.34963 ], [ -94.201417, 58.308759 ], [ -94.176287, 58.286035 ], [ -94.172712, 58.271875 ], [ -94.183618, 58.243924 ], [ -94.182456, 58.228849 ], [ -94.167962, 58.196613 ], [ -94.171259, 58.180908 ], [ -94.216452, 58.132336 ], [ -94.217735, 58.112345 ], [ -94.206229, 58.065093 ], [ -94.189672, 58.035778 ], [ -94.24748, 57.973996 ], [ -94.249375, 57.959584 ], [ -94.237654, 57.926904 ], [ -94.249546, 57.897222 ], [ -94.24481, 57.883676 ], [ -94.226316, 57.870388 ], [ -94.216895, 57.85447 ], [ -94.2428, 57.827472 ], [ -94.232646, 57.810615 ], [ -94.236157, 57.799393 ], [ -94.309692, 57.787611 ], [ -94.359309, 57.764586 ], [ -94.419965, 57.755404 ], [ -94.49986, 57.732611 ], [ -94.544643, 57.708869 ], [ -94.55412, 57.695998 ], [ -94.553082, 57.680094 ], [ -94.611384, 57.652852 ], [ -94.660851, 57.643012 ], [ -94.688244, 57.630514 ], [ -94.712774, 57.628984 ], [ -94.762548, 57.639819 ], [ -94.819345, 57.613076 ], [ -94.898498, 57.61952 ], [ -94.949601, 57.646566 ], [ -94.963889, 57.666212 ], [ -95.022724, 57.696428 ] ] } },
{ "type": "Feature", "properties": { "name": null }, "geometry": { "type": "LineString", "coordinates": [ [ -98.820189, 58.970332 ], [ -98.754714, 58.976636 ], [ -98.726547, 59.010487 ], [ -98.672072, 59.027689 ], [ -98.647998, 59.02704 ], [ -98.615688, 58.998092 ], [ -98.577708, 59.003003 ], [ -98.556, 59.016871 ], [ -98.557271, 59.047281 ], [ -98.577229, 59.074955 ], [ -98.61348, 59.099418 ], [ -98.588115, 59.14346 ] ] } },
{ "type": "Feature", "properties": { "name": "North Seal" }, "geometry": { "type": "LineString", "coordinates": [ [ -100.694348, 58.758136 ], [ -100.779766, 58.774949 ], [ -100.854377, 58.77888 ], [ -100.897116, 58.815817 ], [ -100.900708, 58.829298 ], [ -100.848834, 58.874295 ], [ -100.782976, 58.893601 ], [ -100.758895, 58.890343 ], [ -100.743152, 58.862111 ], [ -100.716742, 58.858699 ], [ -100.629621, 58.875116 ], [ -100.573978, 58.901212 ], [ -100.56192, 58.917945 ], [ -100.496949, 58.970967 ], [ -100.470256, 58.978453 ], [ -100.423847, 59.003568 ], [ -100.398241, 59.007901 ], [ -100.320981, 59.038972 ], [ -100.1956, 59.062927 ], [ -100.171254, 59.085731 ], [ -100.158578, 59.084211 ], [ -100.124505, 59.058925 ], [ -100.047876, 59.063315 ] ] } },
{ "type": "Feature", "properties": { "name": "North Seal" }, "geometry": { "type": "LineString", "coordinates": [ [ -99.747204, 59.1018 ], [ -99.705062, 59.103846 ], [ -99.688745, 59.117866 ], [ -99.659104, 59.128512 ], [ -99.591815, 59.137011 ] ] } },
{ "type": "Feature", "properties": { "name": "North Seal" }, "geometry": { "type": "LineString", "coordinates": [ [ -99.552421, 59.115289 ], [ -99.528552, 59.078984 ], [ -99.508114, 59.063865 ], [ -99.497822, 59.011153 ], [ -99.485025, 58.998259 ], [ -99.353717, 58.972479 ], [ -99.330448, 58.963163 ], [ -99.323497, 58.932661 ], [ -99.260925, 58.924357 ] ] } },
{ "type": "Feature", "properties": { "name": "North Seal" }, "geometry": { "type": "LineString", "coordinates": [ [ -98.82269, 58.928178 ], [ -98.820189, 58.970332 ], [ -98.843708, 58.981182 ], [ -98.889056, 58.986101 ], [ -98.912063, 58.981539 ], [ -98.912795, 58.967492 ], [ -98.930123, 58.954019 ], [ -98.982006, 58.938882 ] ] } },
{ "type": "Feature", "properties": { "name": "North Seal" }, "geometry": { "type": "LineString", "coordinates": [ [ -98.340392, 58.862529 ], [ -98.184171, 58.83673 ] ] } },
{ "type": "Feature", "properties": { "name": "South Seal" }, "geometry": { "type": "LineString", "coordinates": [ [ -98.627462, 57.960532 ], [ -98.749327, 57.901037 ], [ -98.794358, 57.889906 ], [ -98.852094, 57.908089 ], [ -98.862467, 57.950671 ], [ -98.878315, 57.960903 ], [ -98.937641, 57.958135 ], [ -98.980045, 57.942154 ], [ -99.044784, 57.958964 ], [ -99.097214, 57.961381 ], [ -99.143974, 57.985659 ], [ -99.17804, 57.994336 ], [ -99.208229, 57.994373 ], [ -99.285239, 57.974976 ], [ -99.335495, 57.984974 ], [ -99.378631, 57.981727 ], [ -99.432072, 57.965593 ], [ -99.470163, 57.966657 ] ] } },
{ "type": "Feature", "properties": { "name": "South Seal" }, "geometry": { "type": "LineString", "coordinates": [ [ -98.117914, 58.478257 ], [ -98.152613, 58.423829 ], [ -98.20296, 58.395192 ], [ -98.236352, 58.364759 ], [ -98.297167, 58.332909 ], [ -98.309797, 58.313709 ], [ -98.29039, 58.275967 ], [ -98.292693, 58.238211 ], [ -98.233664, 58.211921 ], [ -98.22363, 58.157329 ], [ -98.242065, 58.140645 ], [ -98.2831, 58.127262 ], [ -98.344206, 58.092926 ], [ -98.374214, 58.082903 ], [ -98.396001, 58.065544 ] ] } },
{ "type": "Feature", "properties": { "name": "South Seal" }, "geometry": { "type": "LineString", "coordinates": [ [ -98.099651, 58.788506 ], [ -98.247789, 58.717436 ] ] } },
{ "type": "Feature", "properties": { "name": "Wolverine" }, "geometry": { "type": "LineString", "coordinates": [ [ -97.4691, 58.911649 ], [ -97.47103, 58.939714 ], [ -97.491474, 58.977607 ] ] } },
{ "type": "Feature", "properties": { "name": "Wolverine" }, "geometry": { "type": "LineString", "coordinates": [ [ -97.428865, 59.111345 ], [ -97.491214, 59.155207 ], [ -97.545441, 59.173106 ], [ -97.578891, 59.201686 ], [ -97.640843, 59.219338 ], [ -97.664293, 59.24182 ], [ -97.709214, 59.308127 ], [ -97.712241, 59.369793 ], [ -97.732669, 59.404233 ] ] } },
{ "type": "Feature", "properties": { "name": "Seal" }, "geometry": { "type": "LineString", "coordinates": [ [ -96.834832, 58.94041 ], [ -96.901257, 58.894961 ], [ -96.952925, 58.882827 ], [ -97.023212, 58.878186 ], [ -97.104751, 58.88446 ], [ -97.187903, 58.901561 ], [ -97.308087, 58.915363 ], [ -97.395091, 58.91776 ] ] } },
{ "type": "Feature", "properties": { "name": "Cochrane" }, "geometry": { "type": "MultiLineString", "coordinates": [ [ [ -101.519976, 57.925582 ], [ -101.37896, 58.012198 ], [ -101.290363, 58.047871 ], [ -101.278055, 58.058297 ], [ -101.283864, 58.105622 ], [ -101.247707, 58.140419 ], [ -101.229685, 58.187671 ], [ -101.238269, 58.200846 ], [ -101.274793, 58.198504 ], [ -101.269975, 58.211389 ], [ -101.223834, 58.252652 ], [ -101.202991, 58.294193 ], [ -101.143587, 58.357224 ], [ -101.136055, 58.376477 ], [ -101.146012, 58.399968 ], [ -101.177838, 58.423255 ], [ -101.175231, 58.4416 ], [ -101.157304, 58.461028 ], [ -101.164415, 58.479133 ], [ -101.181691, 58.492214 ], [ -101.190787, 58.517918 ], [ -101.223263, 58.547943 ], [ -101.242135, 58.556976 ], [ -101.317077, 58.548168 ], [ -101.393153, 58.566244 ] ], [ [ -101.722963, 58.89014 ], [ -101.747316, 58.908447 ], [ -101.760423, 58.951464 ], [ -101.782998, 58.958537 ], [ -101.84269, 58.952603 ], [ -101.862143, 58.960395 ], [ -101.848998, 58.972262 ], [ -101.79938, 58.987982 ], [ -101.779658, 59.000721 ], [ -101.769266, 59.040898 ], [ -101.773105, 59.057908 ], [ -101.781785, 59.07725 ], [ -101.80175, 59.085913 ], [ -101.828201, 59.081528 ], [ -101.908221, 59.031919 ], [ -101.964845, 59.006428 ], [ -101.995563, 58.982473 ], [ -102.051463546845113, 58.96415510918029 ] ] ] } },
{ "type": "Feature", "properties": { "name": "Geillini" }, "geometry": { "type": "MultiLineString", "coordinates": [ [ [ -96.747345125198393, 60.050064839302067 ], [ -96.730126, 60.041934 ], [ -96.664549051925547, 60.050064931317294 ] ], [ [ -96.465721228216879, 60.050065152284148 ], [ -96.32816, 60.027165 ], [ -96.24198, 59.993487 ], [ -96.205098, 59.986417 ], [ -96.106594, 59.982776 ], [ -96.047742, 60.03253 ], [ -96.006871446764009, 60.050065662225812 ] ] ] } },
{ "type": "Feature", "properties": { "name": "Caribou" }, "geometry": { "type": "LineString", "coordinates": [ [ -97.24283, 59.89176 ], [ -97.236815, 59.881201 ], [ -97.209904, 59.870769 ], [ -97.121056, 59.856294 ], [ -96.964236, 59.81266 ], [ -96.875868, 59.834141 ], [ -96.846318, 59.828168 ], [ -96.823334, 59.821121 ], [ -96.786469, 59.795956 ], [ -96.679324, 59.779813 ], [ -96.50947, 59.711266 ], [ -96.48658, 59.696015 ], [ -96.465764, 59.651408 ], [ -96.525542, 59.618404 ], [ -96.531086, 59.605539 ], [ -96.52786, 59.570362 ], [ -96.544066, 59.533985 ], [ -96.491747, 59.46838 ], [ -96.461759, 59.449006 ], [ -96.450229, 59.429893 ], [ -96.422282, 59.418318 ], [ -96.344809, 59.406985 ], [ -96.303173, 59.374818 ], [ -96.23451, 59.366294 ], [ -96.2079, 59.354646 ], [ -96.130467, 59.340019 ], [ -96.081148, 59.337875 ], [ -96.025915, 59.393198 ], [ -95.953889, 59.390764 ], [ -95.926143, 59.395677 ], [ -95.922877, 59.410939 ], [ -95.910472, 59.425157 ], [ -95.788751, 59.444242 ], [ -95.767719, 59.45338 ], [ -95.753882, 59.469747 ], [ -95.710961, 59.487658 ], [ -95.712711, 59.504831 ], [ -95.693801, 59.511356 ], [ -95.614558, 59.503117 ], [ -95.49594, 59.47384 ], [ -95.465978, 59.462744 ], [ -95.42206, 59.42022 ], [ -95.394312, 59.408265 ], [ -95.280777, 59.399227 ], [ -95.080521, 59.401854 ], [ -94.943427, 59.382018 ], [ -94.84731, 59.389298 ], [ -94.821644, 59.381225 ], [ -94.783387, 59.351827 ], [ -94.738512, 59.347723 ] ] } },
{ "type": "Feature", "properties": { "name": null }, "geometry": { "type": "LineString", "coordinates": [ [ -101.882796, 59.963448 ], [ -101.883216, 59.964053 ] ] } },
{ "type": "Feature", "properties": { "name": "Thlewiaza" }, "geometry": { "type": "LineString", "coordinates": [ [ -101.602178, 59.39572 ], [ -101.523944, 59.41478 ], [ -101.517656, 59.401416 ], [ -101.542431, 59.363612 ], [ -101.549311, 59.339924 ], [ -101.522751, 59.299706 ], [ -101.509835, 59.261219 ], [ -101.490401, 59.264916 ], [ -101.436793, 59.303055 ], [ -101.407118, 59.333771 ], [ -101.33171, 59.37583 ], [ -101.313622, 59.394518 ], [ -101.342006, 59.436848 ], [ -101.325038, 59.454205 ], [ -101.298439, 59.468208 ], [ -101.281465, 59.507898 ], [ -101.208078, 59.54975 ] ] } },
{ "type": "Feature", "properties": { "name": null }, "geometry": { "type": "LineString", "coordinates": [ [ -102.04274, 59.914967 ], [ -102.051585383872109, 59.902854205284434 ] ] } },
{ "type": "Feature", "properties": { "name": "Berens" }, "geometry": { "type": "LineString", "coordinates": [ [ -97.01123, 52.250462 ], [ -96.920157, 52.191011 ], [ -96.864249, 52.165759 ], [ -96.817857, 52.157267 ], [ -96.76871, 52.13845 ], [ -96.756458, 52.124981 ], [ -96.755542, 52.106234 ], [ -96.719568, 52.06722 ], [ -96.649486, 52.058317 ], [ -96.626836, 52.046055 ], [ -96.624237, 52.033675 ], [ -96.61282, 52.02829 ], [ -96.535676, 52.026532 ], [ -96.479327, 52.036404 ], [ -96.416077, 52.034432 ], [ -96.304397, 52.002807 ], [ -96.166652, 51.930127 ], [ -96.140445, 51.923009 ], [ -96.104134, 51.930714 ], [ -96.059123, 51.93037 ], [ -95.915321, 51.880121 ], [ -95.865111, 51.897354 ], [ -95.82299, 51.900025 ], [ -95.75855, 51.868924 ], [ -95.734416, 51.86408 ], [ -95.675866, 51.868178 ], [ -95.611379, 51.848774 ], [ -95.564674, 51.848894 ] ] } },
{ "type": "Feature", "properties": { "name": "Carrot" }, "geometry": { "type": "LineString", "coordinates": [ [ -101.323274, 53.853535 ], [ -101.375147, 53.806066 ], [ -101.415333, 53.788696 ], [ -101.459475, 53.758886 ], [ -101.543767, 53.746667 ], [ -101.604424, 53.760286 ], [ -101.718899, 53.745023 ], [ -101.76323, 53.747991 ], [ -101.802472, 53.74107 ], [ -101.85342772593151, 53.696145753417667 ] ] } },
{ "type": "Feature", "properties": { "name": "Burntwood" }, "geometry": { "type": "LineString", "coordinates": [ [ -96.581896, 56.147422 ], [ -96.645345, 56.158882 ], [ -96.694649, 56.155711 ], [ -96.79379, 56.135466 ], [ -96.899378, 56.099599 ] ] } },
{ "type": "Feature", "properties": { "name": "Seal" }, "geometry": { "type": "LineString", "coordinates": [ [ -94.999176, 59.0528 ], [ -95.069785, 59.036753 ], [ -95.126615, 59.013812 ], [ -95.146686, 58.997599 ], [ -95.158491, 58.976593 ], [ -95.184234, 58.958993 ], [ -95.226471, 58.951296 ], [ -95.315924, 58.948979 ], [ -95.389052, 58.955774 ], [ -95.405075, 58.967226 ], [ -95.403272, 58.985253 ], [ -95.412119, 59.003286 ], [ -95.431677, 59.021388 ], [ -95.455687, 59.027264 ], [ -95.484229, 59.020928 ], [ -95.508076, 59.006833 ], [ -95.558673, 58.943162 ], [ -95.569522, 58.906895 ], [ -95.565401, 58.867631 ], [ -95.585489, 58.821063 ], [ -95.638428, 58.793176 ], [ -95.672297, 58.786847 ], [ -95.747777, 58.786967 ], [ -95.782075, 58.792346 ], [ -95.843872, 58.813734 ], [ -95.958434, 58.825118 ], [ -96.025917, 58.862615 ], [ -96.162907, 58.911265 ], [ -96.19685, 58.914836 ], [ -96.232664, 58.909199 ], [ -96.270456, 58.894328 ], [ -96.307842, 58.894246 ] ] } },
{ "type": "Feature", "properties": { "name": "Manigotagan" }, "geometry": { "type": "LineString", "coordinates": [ [ -96.582589, 51.156927 ], [ -96.525648, 51.140556 ], [ -96.385077, 51.133166 ], [ -96.317422, 51.117827 ] ] } },
{ "type": "Feature", "properties": { "name": "Bloodvein" }, "geometry": { "type": "LineString", "coordinates": [ [ -96.914076, 51.820431 ], [ -96.750471, 51.802553 ], [ -96.719641, 51.795103 ], [ -96.685403, 51.776446 ] ] } },
{ "type": "Feature", "properties": { "name": "Berens" }, "geometry": { "type": "LineString", "coordinates": [ [ -97.030418, 52.352533 ], [ -97.162385, 52.367472 ] ] } },
{ "type": "Feature", "properties": { "name": "Poplar" }, "geometry": { "type": "LineString", "coordinates": [ [ -97.869754, 53.133018 ], [ -97.573191, 53.039975 ], [ -97.455864, 53.018923 ], [ -97.331639, 53.008085 ] ] } },
{ "type": "Feature", "properties": { "name": "Gunisao" }, "geometry": { "type": "LineString", "coordinates": [ [ -97.885502, 53.983312 ], [ -97.871141, 54.015151 ] ] } },
{ "type": "Feature", "properties": { "name": "Hayes" }, "geometry": { "type": "LineString", "coordinates": [ [ -95.834841, 54.734263 ], [ -95.835909, 54.740011 ], [ -95.812122, 54.755126 ], [ -95.714546, 54.78669 ], [ -95.628319, 54.831022 ], [ -95.49436, 54.885824 ], [ -95.435745, 54.927861 ], [ -95.355074, 54.951468 ], [ -95.277293, 54.951315 ] ] } },
{ "type": "Feature", "properties": { "name": "William" }, "geometry": { "type": "LineString", "coordinates": [ [ -98.927488, 53.87725 ], [ -98.732734, 53.612457 ], [ -98.7095, 53.593912 ], [ -98.465701, 53.462946 ], [ -98.279037, 53.395333 ] ] } },
{ "type": "Feature", "properties": { "name": null }, "geometry": { "type": "MultiLineString", "coordinates": [ [ [ -99.859088, 51.757344 ], [ -99.833479, 51.704243 ], [ -99.812799, 51.693879 ], [ -99.733731, 51.69831 ], [ -99.705662, 51.706412 ], [ -99.679296, 51.741403 ], [ -99.674204, 51.765481 ], [ -99.678244, 51.866728 ], [ -99.673762, 51.874078 ] ], [ [ -99.635249, 51.986669 ], [ -99.628222, 51.996193 ], [ -99.605961, 52.003649 ], [ -99.581426, 52.001765 ], [ -99.56795, 51.992158 ], [ -99.558061, 51.949906 ], [ -99.561019, 51.907913 ] ], [ [ -99.534149, 51.735552 ], [ -99.434576, 51.715823 ], [ -99.317382, 51.682221 ], [ -99.237279, 51.608949 ], [ -99.211274, 51.60196 ], [ -99.119397, 51.598168 ], [ -99.096262, 51.580692 ], [ -98.991484, 51.369899 ], [ -98.974457, 51.347802 ], [ -98.923178, 51.320012 ], [ -98.853754, 51.316134 ], [ -98.836365, 51.328731 ], [ -98.841495, 51.391473 ], [ -98.833357, 51.460126 ], [ -98.807939, 51.542721 ], [ -98.797786, 51.56356 ], [ -98.775341, 51.576762 ], [ -98.731368, 51.587162 ] ], [ [ -98.582255, 51.608097 ], [ -98.565337, 51.605775 ], [ -98.531805, 51.613868 ], [ -98.508978, 51.632898 ], [ -98.442914, 51.715512 ], [ -98.316521, 51.777258 ], [ -98.307448, 51.804356 ], [ -98.325785, 51.841042 ] ] ] } },
{ "type": "Feature", "properties": { "name": "Dauphin" }, "geometry": { "type": "LineString", "coordinates": [ [ -98.041207, 51.963624 ], [ -97.965778, 51.993076 ], [ -97.94645, 52.010146 ], [ -97.92112, 52.077335 ], [ -97.819654, 52.22169 ], [ -97.715207, 52.322297 ], [ -97.58943, 52.415351 ] ] } },
{ "type": "Feature", "properties": { "name": "Hargrave" }, "geometry": { "type": "LineString", "coordinates": [ [ -97.854645, 54.629034 ], [ -97.986604, 54.620007 ], [ -98.01557, 54.611347 ], [ -98.10637, 54.56401 ] ] } },
{ "type": "Feature", "properties": { "name": "Berens" }, "geometry": { "type": "LineString", "coordinates": [ [ -97.631025, 52.554327 ], [ -97.481301, 52.466875 ], [ -97.448446, 52.456622 ], [ -97.293648, 52.437958 ], [ -97.259708, 52.427051 ], [ -97.171089, 52.37547 ], [ -97.148241, 52.354456 ], [ -97.115834, 52.304784 ], [ -97.090974, 52.285301 ], [ -97.01123, 52.250462 ] ] } },
{ "type": "Feature", "properties": { "name": "Cochrane" }, "geometry": { "type": "MultiLineString", "coordinates": [ [ [ -102.05129355194174, 57.654421393050022 ], [ -101.943651, 57.697503 ], [ -101.841995, 57.766136 ], [ -101.711199, 57.820699 ], [ -101.519976, 57.925582 ] ], [ [ -101.393153, 58.566244 ], [ -101.450116, 58.570721 ], [ -101.564426, 58.608952 ], [ -101.655276, 58.629466 ], [ -101.699206, 58.65779 ], [ -101.70556, 58.675353 ], [ -101.664055, 58.751524 ], [ -101.659652, 58.810136 ], [ -101.722963, 58.89014 ] ] ] } },
{ "type": "Feature", "properties": { "name": "Mossy" }, "geometry": { "type": "MultiLineString", "coordinates": [ [ [ -99.95735, 51.432571 ], [ -99.964393, 51.435151 ] ], [ [ -99.902867, 51.667893 ], [ -99.864699, 51.718526 ], [ -99.859088, 51.757344 ] ] ] } },
{ "type": "Feature", "properties": { "name": null }, "geometry": { "type": "LineString", "coordinates": [ [ -99.672794, 52.598094 ], [ -99.806225, 52.552952 ] ] } },
{ "type": "Feature", "properties": { "name": "Overflowing" }, "geometry": { "type": "LineString", "coordinates": [ [ -101.082804, 53.12514 ], [ -100.91351, 53.025819 ], [ -100.795815, 52.988006 ] ] } },
{ "type": "Feature", "properties": { "name": "Red Deer" }, "geometry": { "type": "LineString", "coordinates": [ [ -99.859088, 51.757344 ], [ -99.841681, 51.907618 ], [ -99.906653, 52.195007 ], [ -99.905142, 52.216996 ], [ -99.825293, 52.394684 ], [ -99.802725, 52.542269 ], [ -99.810368, 52.565545 ], [ -99.865313, 52.63015 ], [ -99.909823, 52.696712 ], [ -99.950759, 52.79416 ], [ -99.975388, 52.832346 ], [ -99.993612, 52.848745 ], [ -100.21648, 52.963374 ], [ -100.420217, 53.026032 ], [ -100.504916, 53.058585 ], [ -100.563932, 53.058378 ], [ -100.654972, 53.046033 ], [ -100.783592, 52.996166 ], [ -100.808616, 52.979451 ], [ -100.84279, 52.940326 ], [ -100.884176, 52.915769 ], [ -101.015757, 52.886488 ] ] } },
{ "type": "Feature", "properties": { "name": null }, "geometry": { "type": "LineString", "coordinates": [ [ -101.883216, 59.964053 ], [ -101.941229187223598, 60.050059067090771 ] ] } },
{ "type": "Feature", "properties": { "name": null }, "geometry": { "type": "LineString", "coordinates": [ [ -102.022793185138369, 60.045278186110615 ], [ -102.016134, 60.015832 ], [ -101.991748, 59.983107 ], [ -101.996709, 59.965401 ], [ -102.04274, 59.914967 ] ] } },
{ "type": "Feature", "properties": { "name": null }, "geometry": { "type": "LineString", "coordinates": [ [ -94.911251, 53.950743 ], [ -94.892108, 53.92943 ], [ -94.832703, 53.917502 ], [ -94.812114, 53.92656 ], [ -94.798591, 53.961508 ], [ -94.754231, 53.998493 ] ] } },
{ "type": "Feature", "properties": { "name": null }, "geometry": { "type": "LineString", "coordinates": [ [ -94.788006, 54.38692 ], [ -94.694006, 54.465713 ], [ -94.533036, 54.543342 ], [ -94.497911, 54.578429 ], [ -94.486029, 54.602791 ], [ -94.462005, 54.622543 ], [ -94.358814, 54.669498 ], [ -94.185425, 54.777689 ], [ -94.133377, 54.800105 ], [ -94.118397, 54.811967 ], [ -94.09187, 54.871058 ] ] } },
{ "type": "Feature", "properties": { "name": null }, "geometry": { "type": "LineString", "coordinates": [ [ -94.742296, 54.503825 ], [ -94.61421, 54.504673 ] ] } },
{ "type": "Feature", "properties": { "name": null }, "geometry": { "type": "LineString", "coordinates": [ [ -100.245191, 56.404853 ], [ -100.263272, 56.452419 ], [ -100.276857, 56.466882 ], [ -100.312532, 56.479904 ] ] } },
{ "type": "Feature", "properties": { "name": "Keewatin" }, "geometry": { "type": "LineString", "coordinates": [ [ -100.680144, 56.351241 ], [ -100.612637, 56.322612 ], [ -100.553901, 56.28748 ], [ -100.482898, 56.262275 ] ] } },
{ "type": "Feature", "properties": { "name": "Laurie" }, "geometry": { "type": "LineString", "coordinates": [ [ -100.687952, 56.222393 ], [ -100.540904, 56.281961 ] ] } },
{ "type": "Feature", "properties": { "name": "Loon" }, "geometry": { "type": "LineString", "coordinates": [ [ -102.051056539191237, 55.828345526316852 ], [ -102.004661, 55.862414 ], [ -101.96677, 55.90616 ] ] } },
{ "type": "Feature", "properties": { "name": null }, "geometry": { "type": "LineString", "coordinates": [ [ -101.936362, 55.728243 ], [ -101.996588, 55.689478 ], [ -102.034719102315464, 55.639086818095514 ] ] } },
{ "type": "Feature", "properties": { "name": "Thlewiaza" }, "geometry": { "type": "LineString", "coordinates": [ [ -101.208078, 59.54975 ], [ -101.172675, 59.578558 ] ] } },
{ "type": "Feature", "properties": { "name": "Gauer" }, "geometry": { "type": "LineString", "coordinates": [ [ -97.607112, 57.125742 ], [ -97.684205, 57.121848 ], [ -97.752714, 57.099002 ], [ -97.779711, 57.081661 ], [ -97.909277, 56.959036 ], [ -98.016648, 56.927855 ], [ -98.060108, 56.894604 ] ] } },
{ "type": "Feature", "properties": { "name": "Hughes" }, "geometry": { "type": "LineString", "coordinates": [ [ -99.595564, 56.725669 ], [ -99.63349, 56.724409 ], [ -99.692336, 56.738417 ], [ -99.734832, 56.758815 ] ] } },
{ "type": "Feature", "properties": { "name": "Grass" }, "geometry": { "type": "LineString", "coordinates": [ [ -97.599257, 55.574699 ], [ -97.594876, 55.572041 ] ] } },
{ "type": "Feature", "properties": { "name": "Pipestone" }, "geometry": { "type": "LineString", "coordinates": [ [ -100.656582, 49.633474 ], [ -100.704, 49.659873 ], [ -100.774653, 49.667056 ], [ -100.812109, 49.682413 ] ] } },
{ "type": "Feature", "properties": { "name": "Berens" }, "geometry": { "type": "LineString", "coordinates": [ [ -95.605471, 52.081171 ], [ -95.555873, 52.042816 ], [ -95.524294, 52.030469 ], [ -95.496356, 52.031122 ], [ -95.47684, 52.044169 ], [ -95.452918, 52.079405 ], [ -95.404202, 52.080674 ], [ -95.374854, 52.073736 ], [ -95.335798, 52.054363 ], [ -95.283122, 52.05432 ] ] } },
{ "type": "Feature", "properties": { "name": "Berens" }, "geometry": { "type": "LineString", "coordinates": [ [ -95.513776, 52.030716 ], [ -95.451057, 51.955022 ], [ -95.445668, 51.9388 ], [ -95.44942, 51.92176 ], [ -95.462322, 51.903847 ], [ -95.500843, 51.886774 ], [ -95.542307, 51.854823 ], [ -95.564674, 51.848894 ] ] } },
{ "type": "Feature", "properties": { "name": "Poplar" }, "geometry": { "type": "LineString", "coordinates": [ [ -96.289095, 52.660191 ], [ -96.197478, 52.624677 ], [ -96.167334, 52.62132 ] ] } },
{ "type": "Feature", "properties": { "name": "Poplar" }, "geometry": { "type": "LineString", "coordinates": [ [ -96.747077, 52.767226 ], [ -96.67471, 52.75052 ], [ -96.584181, 52.751664 ], [ -96.517315, 52.740119 ] ] } },
{ "type": "Feature", "properties": { "name": "Gunisao" }, "geometry": { "type": "LineString", "coordinates": [ [ -96.341447, 53.544106 ], [ -96.118793, 53.548747 ] ] } },
{ "type": "Feature", "properties": { "name": "Seeber" }, "geometry": { "type": "LineString", "coordinates": [ [ -92.974077586836529, 54.149469707509979 ], [ -92.987224, 54.166486 ], [ -92.994655, 54.218451 ] ] } },
{ "type": "Feature", "properties": { "name": "Seeber" }, "geometry": { "type": "MultiLineString", "coordinates": [ [ [ -92.76582, 54.412564 ], [ -92.723198, 54.398948 ], [ -92.684878, 54.394679 ], [ -92.621469673027775, 54.402771902489185 ] ], [ [ -92.59844455080291, 54.419312410432482 ], [ -92.58066, 54.461859 ] ] ] } },
{ "type": "Feature", "properties": { "name": "Stull" }, "geometry": { "type": "LineString", "coordinates": [ [ -92.629353, 54.539204 ], [ -92.691043, 54.561834 ], [ -92.711975, 54.582038 ], [ -92.699782, 54.592663 ], [ -92.564044, 54.644917 ], [ -92.550062, 54.664882 ], [ -92.552277, 54.67396 ] ] } },
{ "type": "Feature", "properties": { "name": "Red Sucker" }, "geometry": { "type": "LineString", "coordinates": [ [ -93.326564, 54.663079 ], [ -93.324632, 54.706202 ], [ -93.310399, 54.730809 ], [ -93.288396, 54.749418 ], [ -93.207159, 54.790226 ] ] } },
{ "type": "Feature", "properties": { "name": "Red Sucker" }, "geometry": { "type": "LineString", "coordinates": [ [ -93.672241, 54.372632 ], [ -93.664721, 54.381168 ], [ -93.613458, 54.385308 ], [ -93.477661, 54.413079 ], [ -93.453363, 54.425389 ], [ -93.436201, 54.451814 ] ] } },
{ "type": "Feature", "properties": { "name": "Red Sucker" }, "geometry": { "type": "LineString", "coordinates": [ [ -93.638855, 54.184112 ], [ -93.631977, 54.164819 ], [ -93.614367, 54.153061 ], [ -93.498673, 54.122964 ], [ -93.418152, 54.092222 ] ] } },
{ "type": "Feature", "properties": { "name": null }, "geometry": { "type": "LineString", "coordinates": [ [ -94.837297, 54.343281 ], [ -94.841102, 54.339187 ], [ -94.813773, 54.306313 ] ] } },
{ "type": "Feature", "properties": { "name": null }, "geometry": { "type": "LineString", "coordinates": [ [ -94.813773, 54.306313 ], [ -94.818008, 54.284792 ], [ -94.848034, 54.268796 ], [ -95.014915, 54.220741 ], [ -95.111049, 54.1746 ], [ -95.20684, 54.147964 ] ] } },
{ "type": "Feature", "properties": { "name": null }, "geometry": { "type": "LineString", "coordinates": [ [ -94.813773, 54.306313 ], [ -94.796645, 54.283553 ], [ -94.768805, 54.2703 ], [ -94.620456, 54.248327 ] ] } },
{ "type": "Feature", "properties": { "name": "Hayes" }, "geometry": { "type": "LineString", "coordinates": [ [ -95.095725, 54.852489 ], [ -94.914419, 54.852472 ], [ -94.843357, 54.866931 ], [ -94.749813, 54.900719 ], [ -94.710983, 54.923189 ], [ -94.697406, 54.964533 ], [ -94.737258, 55.024363 ], [ -94.743774, 55.045958 ], [ -94.729278, 55.064818 ], [ -94.671391, 55.092526 ], [ -94.382245, 55.165867 ], [ -94.326997, 55.188222 ], [ -94.304578, 55.207196 ] ] } },
{ "type": "Feature", "properties": { "name": "Red Deer" }, "geometry": { "type": "LineString", "coordinates": [ [ -101.523351, 52.927513 ], [ -101.479901, 52.899113 ], [ -101.400848, 52.893226 ], [ -101.377838, 52.901853 ], [ -101.314436, 52.908706 ], [ -101.213735, 52.886292 ] ] } },
{ "type": "Feature", "properties": { "name": "Swan" }, "geometry": { "type": "LineString", "coordinates": [ [ -100.781098, 52.436869 ], [ -100.77252, 52.470008 ], [ -100.772823, 52.513991 ], [ -100.761886, 52.550069 ], [ -100.764022, 52.56676 ], [ -100.775664, 52.583467 ], [ -100.774984, 52.60307 ], [ -100.75874, 52.62996 ] ] } },
{ "type": "Feature", "properties": { "name": "Grass" }, "geometry": { "type": "LineString", "coordinates": [ [ -97.02432, 55.729531 ], [ -97.081325, 55.721173 ], [ -97.14839, 55.700608 ], [ -97.220335, 55.691904 ], [ -97.251446, 55.679977 ], [ -97.276239, 55.659262 ], [ -97.300614, 55.648375 ], [ -97.341975, 55.661686 ], [ -97.371326, 55.663618 ], [ -97.459228, 55.655145 ], [ -97.463148, 55.613999 ], [ -97.47735, 55.607108 ], [ -97.529817, 55.609524 ], [ -97.558338, 55.597882 ], [ -97.651495, 55.535402 ], [ -97.660807, 55.526287 ], [ -97.65326, 55.515563 ] ] } },
{ "type": "Feature", "properties": { "name": "Grass" }, "geometry": { "type": "LineString", "coordinates": [ [ -97.978087, 55.414508 ], [ -97.950209, 55.462847 ], [ -97.90481, 55.501276 ], [ -97.831508, 55.543843 ], [ -97.776447, 55.596587 ] ] } },
{ "type": "Feature", "properties": { "name": "Grass" }, "geometry": { "type": "LineString", "coordinates": [ [ -98.730771, 54.925541 ], [ -98.681826, 54.938014 ], [ -98.538572, 55.081385 ], [ -98.462492, 55.143628 ] ] } },
{ "type": "Feature", "properties": { "name": "Grass" }, "geometry": { "type": "LineString", "coordinates": [ [ -99.962527, 54.789543 ], [ -99.924469, 54.799627 ], [ -99.870814, 54.795488 ], [ -99.818693, 54.783335 ], [ -99.775889, 54.791184 ], [ -99.736917, 54.819046 ], [ -99.679404, 54.89268 ] ] } },
{ "type": "Feature", "properties": { "name": "Grass" }, "geometry": { "type": "LineString", "coordinates": [ [ -100.635814, 54.617896 ], [ -100.576004, 54.629182 ], [ -100.395061, 54.6316 ], [ -100.286219, 54.652509 ] ] } },
{ "type": "Feature", "properties": { "name": null }, "geometry": { "type": "LineString", "coordinates": [ [ -101.369365, 54.008103 ], [ -101.365432, 54.024434 ], [ -101.38295, 54.051207 ], [ -101.434773, 54.057195 ] ] } },
{ "type": "Feature", "properties": { "name": null }, "geometry": { "type": "LineString", "coordinates": [ [ -101.356958, 53.974132 ], [ -101.359429, 53.964349 ], [ -101.378236, 53.947649 ], [ -101.391989, 53.94551 ] ] } },
{ "type": "Feature", "properties": { "name": "Sturgeon-Weir" }, "geometry": { "type": "LineString", "coordinates": [ [ -101.680904, 54.407932 ], [ -101.560571, 54.439978 ], [ -101.487261, 54.477291 ], [ -101.462489, 54.504119 ] ] } },
{ "type": "Feature", "properties": { "name": "Rat" }, "geometry": { "type": "LineString", "coordinates": [ [ -99.044464, 55.676449 ], [ -98.940432, 55.675883 ] ] } },
{ "type": "Feature", "properties": { "name": "Rat" }, "geometry": { "type": "LineString", "coordinates": [ [ -99.595864, 56.184956 ], [ -99.581164, 56.160938 ], [ -99.538096, 56.139478 ] ] } },
{ "type": "Feature", "properties": { "name": "Odei" }, "geometry": { "type": "LineString", "coordinates": [ [ -98.258844, 56.176617 ], [ -98.26939, 56.187584 ], [ -98.363943, 56.208449 ], [ -98.471604, 56.209517 ] ] } },
{ "type": "Feature", "properties": { "name": "Burntwood" }, "geometry": { "type": "LineString", "coordinates": [ [ -98.528987, 55.590156 ], [ -98.509989, 55.534803 ] ] } },
{ "type": "Feature", "properties": { "name": "Burntwood" }, "geometry": { "type": "LineString", "coordinates": [ [ -98.973133, 55.664438 ], [ -98.940432, 55.675883 ] ] } },
{ "type": "Feature", "properties": { "name": "Burntwood" }, "geometry": { "type": "LineString", "coordinates": [ [ -98.940432, 55.675883 ], [ -98.870037, 55.673586 ] ] } },
{ "type": "Feature", "properties": { "name": "Gauer" }, "geometry": { "type": "LineString", "coordinates": [ [ -97.601961, 57.315097 ], [ -97.510215, 57.302177 ], [ -97.495395, 57.236849 ], [ -97.506312, 57.223 ], [ -97.496842, 57.203977 ] ] } },
{ "type": "Feature", "properties": { "name": "File" }, "geometry": { "type": "LineString", "coordinates": [ [ -100.174332, 55.392469 ], [ -100.333373, 55.344756 ], [ -100.419233, 55.331227 ] ] } },
{ "type": "Feature", "properties": { "name": null }, "geometry": { "type": "LineString", "coordinates": [ [ -101.983746, 55.412243 ], [ -101.990248, 55.426287 ], [ -102.016216503237047, 55.440790240123704 ] ] } },
{ "type": "Feature", "properties": { "name": "Kississing" }, "geometry": { "type": "LineString", "coordinates": [ [ -100.912837, 55.666449 ], [ -100.870147, 55.634205 ] ] } },
{ "type": "Feature", "properties": { "name": null }, "geometry": { "type": "LineString", "coordinates": [ [ -100.309798, 56.59754 ], [ -100.223567, 56.643883 ], [ -100.199596, 56.660971 ], [ -100.185501, 56.681408 ], [ -100.193156, 56.699263 ], [ -100.230367, 56.728732 ] ] } },
{ "type": "Feature", "properties": { "name": "Keewatin" }, "geometry": { "type": "LineString", "coordinates": [ [ -101.235336, 57.06609 ], [ -101.119363, 57.033671 ], [ -101.075286, 57.003653 ], [ -101.049687, 56.974038 ], [ -100.997648, 56.951811 ] ] } },
{ "type": "Feature", "properties": { "name": "Laurie" }, "geometry": { "type": "LineString", "coordinates": [ [ -101.467056, 56.53856 ], [ -101.396852, 56.53454 ], [ -101.30728, 56.5086 ] ] } },
{ "type": "Feature", "properties": { "name": "Hughes" }, "geometry": { "type": "LineString", "coordinates": [ [ -100.974051, 57.330766 ], [ -100.993489, 57.293971 ], [ -101.028197, 57.2571 ], [ -101.015451, 57.243527 ], [ -100.926831, 57.205882 ] ] } },
{ "type": "Feature", "properties": { "name": "South Knife" }, "geometry": { "type": "LineString", "coordinates": [ [ -96.360724, 58.217835 ], [ -96.413023, 58.181534 ], [ -96.536634, 58.155873 ], [ -96.555687, 58.148961 ], [ -96.560753, 58.138346 ] ] } },
{ "type": "Feature", "properties": { "name": "North Seal" }, "geometry": { "type": "LineString", "coordinates": [ [ -98.04731, 58.806966 ], [ -98.087134, 58.81132 ], [ -98.116524, 58.824198 ], [ -98.184166, 58.836729 ] ] } },
{ "type": "Feature", "properties": { "name": "North Seal" }, "geometry": { "type": "LineString", "coordinates": [ [ -98.822691, 58.928178 ], [ -98.757998, 58.901146 ], [ -98.739702, 58.884087 ], [ -98.708751, 58.868436 ], [ -98.571608, 58.845662 ], [ -98.340398, 58.86253 ] ] } },
{ "type": "Feature", "properties": { "name": "North Seal" }, "geometry": { "type": "LineString", "coordinates": [ [ -99.260921, 58.924356 ], [ -99.222126, 58.919213 ], [ -99.143306, 58.923531 ], [ -99.107209, 58.933291 ], [ -99.094258, 58.948561 ], [ -99.063479, 58.966641 ], [ -99.035624, 58.967414 ], [ -99.020221, 58.96019 ], [ -99.010773, 58.938093 ], [ -98.982548, 58.938867 ] ] } },
{ "type": "Feature", "properties": { "name": "North Seal" }, "geometry": { "type": "LineString", "coordinates": [ [ -99.591812, 59.137011 ], [ -99.565119, 59.133396 ], [ -99.552421, 59.115289 ] ] } },
{ "type": "Feature", "properties": { "name": "North Seal" }, "geometry": { "type": "LineString", "coordinates": [ [ -100.047871, 59.063314 ], [ -99.850064, 59.057029 ], [ -99.813253, 59.068533 ], [ -99.747211, 59.101797 ] ] } },
{ "type": "Feature", "properties": { "name": "South Seal" }, "geometry": { "type": "LineString", "coordinates": [ [ -98.396003, 58.065543 ], [ -98.414059, 58.048084 ], [ -98.463056, 57.970885 ], [ -98.482263, 57.959506 ], [ -98.571398, 57.967756 ], [ -98.627462, 57.960532 ] ] } },
{ "type": "Feature", "properties": { "name": "South Seal" }, "geometry": { "type": "LineString", "coordinates": [ [ -98.099651, 58.788506 ], [ -98.04731, 58.806966 ] ] } },
{ "type": "Feature", "properties": { "name": "South Seal" }, "geometry": { "type": "LineString", "coordinates": [ [ -98.247789, 58.717436 ], [ -98.283665, 58.671218 ], [ -98.347582, 58.636099 ], [ -98.355534, 58.620841 ], [ -98.352149, 58.600919 ], [ -98.340513, 58.584486 ], [ -98.285171, 58.547206 ], [ -98.201242, 58.526879 ], [ -98.154369, 58.504865 ], [ -98.117914, 58.478257 ] ] } },
{ "type": "Feature", "properties": { "name": "Wolverine" }, "geometry": { "type": "LineString", "coordinates": [ [ -97.494363, 58.981307 ], [ -97.498295, 58.986339 ], [ -97.447976, 59.0143 ], [ -97.423969, 59.055758 ], [ -97.42214, 59.097043 ], [ -97.428865, 59.111345 ] ] } },
{ "type": "Feature", "properties": { "name": "Seal" }, "geometry": { "type": "LineString", "coordinates": [ [ -96.834832, 58.94041 ], [ -96.793475, 58.956639 ], [ -96.75158, 58.950632 ], [ -96.675459, 58.916475 ], [ -96.597377, 58.890332 ], [ -96.307844, 58.894246 ] ] } },
{ "type": "Feature", "properties": { "name": "Seal" }, "geometry": { "type": "LineString", "coordinates": [ [ -97.596757, 58.849769 ], [ -97.612088, 58.834129 ], [ -97.722699, 58.76563 ], [ -97.740141, 58.761841 ], [ -97.790139, 58.771621 ], [ -97.851915, 58.80539 ], [ -97.884962, 58.815817 ], [ -97.976078, 58.820214 ], [ -98.04731, 58.806966 ] ] } },
{ "type": "Feature", "properties": { "name": "Wolverine" }, "geometry": { "type": "LineString", "coordinates": [ [ -97.491474, 58.977607 ], [ -97.494363, 58.981307 ] ] } }
]
}
